Workbook

Sheet Karta informacyjna
A1: Informacje ogólne
A2: Imię i nazwisko
A3: Numer siedziby stada
A4: Data rozpoczęcia | B4: 45292
A5: Data zakończenia | B5: 45292
A6: Ilość bydła w stadzie
B7: Koniec poprzedniego okresu | C7: Koniec bieżącego okresu | D7: Średnia | F7: Masa ciała
A8: Krowy | D8: =(B8+C8)/2 -> 0 | F8: 425 | G8: =F8*D8 -> 0
A9: Jałówki | D9: =(B9+C9)/2 -> 0 | F9: 200 | G9: =F9*D9 -> 0
A10: Cielęta (poniżej 6 mies.) | D10: =(B10+C10)/2 -> 0 | F10: 140 | G10: =F10*D10 -> 0
A11: Byki | D11: =(B11+C11)/2 -> 0 | F11: 425 | G11: =F11*D11 -> 0
A12: Informacje dodatkowe
A13: Wydajność mleczna (roczna) | F13: Total PCU | G13: =SUM(G8:G11) -> 0
A14: Rasy bydła (krowy, jałówki) | F14: PCU – standaryzowana średnia waga zwierząt podczas leczenia wg EMA
A15: Rasy bydła (byki)

Sheet Leczenie ogólne
A1: Leczenie ogólne
J2: =SUM(J4:J265) -> 0 | M2: =SUM(M4:M265) -> 0 | N2: =SUM(N4:N265) -> 0 | O2: =SUM(O4:O265) -> 0 | Q2: Kategoria ryzyka czyli nr np.. 1
A3: Data | B3: Kategoria bydła | C3: Liczba leczonych zwierząt | D3: Sposób podania (Route) | E3: Ryzyko powstawania oporności 1-6 | F3: Antybiotyk (Product) | G3: Dawka dzienna | H3: Ilość zastrzyków (liczba podań) | I3: Rozpoznanie (Treatments) | J3: Antybiogram [0=nie; 1=tak] | K3: Ilość podana (Amount used) | L3: Jednostka (Unit) | M3: Krytyczny [0=nie; 1=tak (Critical) [0 = no; 1 = yes] | N3: Antybiotyki krytyczne [mg/PCU] (Critically Important) [mg/PCU] | O3: Zużycie antybiotyków [mg/PCU] (Antibiotic Use) [mg/PCU] | P3: Klasa EMA A-D | T3: Total Antibiotic Use [mg/PCU] | U3: Total Critically Important [mg/PCU] | W3: Total PCU
D4: =IF(K4="","",VLOOKUP(F4,Tabelle1!$A$2:$C$496,3,0)) | E4: =IF(K4="","",VLOOKUP(F4,Tabelle1!$A$2:$M$496,13,0)) | K4: =IF(F4="","",C4*G4*H4) | L4: =IF(K4="","",VLOOKUP(F4,Tabelle1!$A$2:$I$496,9,0)) | M4: =IF(K4="","",VLOOKUP(F4,Tabelle1!$A$2:$G$496,7,0)) | N4: =IF(M4>0,O4,"") | O4: =IF(K4="","",((K4*VLOOKUP(F4,Tabelle1!$A$2:$I$496,8,0))/$W$4)) | P4: =IF(K4="","",VLOOKUP(F4,Tabelle1!$A$2:$L$496,12,0)) | R4: Total mg/PCU in herd | T4: =(SUM(O4:O265)) -> 0 | U4: =SUM(N4:N265) -> 0 | W4: =U45 -> 0
D5: =IF(K5="","",VLOOKUP(F5,Tabelle1!$A$2:$C$496,3,0)) | E5: =IF(K5="","",VLOOKUP(F5,Tabelle1!$A$2:$M$496,13,0)) | K5: =IF(F5="","",C5*G5*H5) | L5: =IF(K5="","",VLOOKUP(F5,Tabelle1!$A$2:$I$496,9,0)) | M5: =IF(K5="","",VLOOKUP(F5,Tabelle1!$A$2:$G$496,7,0)) | N5: =IF(M5>0,O5,"") | O5: =IF(K5="","",((K5*VLOOKUP(F5,Tabelle1!$A$2:$I$496,8,0))/$W$4)) | P5: =IF(K5="","",VLOOKUP(F5,Tabelle1!$A$2:$L$496,12,0))
D6: =IF(K6="","",VLOOKUP(F6,Tabelle1!$A$2:$C$496,3,0)) | E6: =IF(K6="","",VLOOKUP(F6,Tabelle1!$A$2:$M$496,13,0)) | K6: =IF(F6="","",C6*G6*H6) | L6: =IF(K6="","",VLOOKUP(F6,Tabelle1!$A$2:$I$496,9,0)) | M6: =IF(K6="","",VLOOKUP(F6,Tabelle1!$A$2:$G$496,7,0)) | N6: =IF(M6>0,O6,"") | O6: =IF(K6="","",((K6*VLOOKUP(F6,Tabelle1!$A$2:$I$496,8,0))/$W$4)) | P6: =IF(K6="","",VLOOKUP(F6,Tabelle1!$A$2:$L$496,12,0))
D7: =IF(K7="","",VLOOKUP(F7,Tabelle1!$A$2:$C$496,3,0)) | E7: =IF(K7="","",VLOOKUP(F7,Tabelle1!$A$2:$M$496,13,0)) | K7: =IF(F7="","",C7*G7*H7) | L7: =IF(K7="","",VLOOKUP(F7,Tabelle1!$A$2:$I$496,9,0)) | M7: =IF(K7="","",VLOOKUP(F7,Tabelle1!$A$2:$G$496,7,0)) | N7: =IF(M7>0,O7,"") | O7: =IF(K7="","",((K7*VLOOKUP(F7,Tabelle1!$A$2:$I$496,8,0))/$W$4)) | P7: =IF(K7="","",VLOOKUP(F7,Tabelle1!$A$2:$L$496,12,0)) | R7: Route | T7: Antibiotic Use [mg/PCU] | U7: Critically Important [mg/PCU]
D8: =IF(K8="","",VLOOKUP(F8,Tabelle1!$A$2:$C$496,3,0)) | E8: =IF(K8="","",VLOOKUP(F8,Tabelle1!$A$2:$M$496,13,0)) | K8: =IF(F8="","",C9*G8*H8) | L8: =IF(K8="","",VLOOKUP(F8,Tabelle1!$A$2:$I$496,9,0)) | M8: =IF(K8="","",VLOOKUP(F8,Tabelle1!$A$2:$G$496,7,0)) | N8: =IF(M8>0,O8,"") | O8: =IF(K8="","",((K8*VLOOKUP(F8,Tabelle1!$A$2:$I$496,8,0))/$W$4)) | P8: =IF(K8="","",VLOOKUP(F8,Tabelle1!$A$2:$L$496,12,0)) | R8: Injectable | T8: =SUMIFS($O$4:$O$265,$M$4:$M$265,"0",$D$4:$D$265,R8) -> 0 | U8: =SUMIFS($O$4:$O$265,$M$4:$M$265,"1",$D$4:$D$265,R8) -> 0 | V8: Lub tu kategoria ryzyka
D9: =IF(K9="","",VLOOKUP(F9,Tabelle1!$A$2:$C$496,3,0)) | E9: =IF(K9="","",VLOOKUP(F9,Tabelle1!$A$2:$M$496,13,0)) | K9: =IF(F9="","",C10*G9*H9) | L9: =IF(K9="","",VLOOKUP(F9,Tabelle1!$A$2:$I$496,9,0)) | M9: =IF(K9="","",VLOOKUP(F9,Tabelle1!$A$2:$G$496,7,0)) | N9: =IF(M9>0,O9,"") | O9: =IF(K9="","",((K9*VLOOKUP(F9,Tabelle1!$A$2:$I$496,8,0))/$W$4)) | P9: =IF(K9="","",VLOOKUP(F9,Tabelle1!$A$2:$L$496,12,0)) | R9: Lactatingtube | T9: =SUMIFS($O$4:$O$265,$M$4:$M$265,"0",$D$4:$D$265,R9) -> 0 | U9: =SUMIFS($O$4:$O$265,$M$4:$M$265,"1",$D$4:$D$265,R9) -> 0
D10: =IF(K10="","",VLOOKUP(F10,Tabelle1!$A$2:$C$496,3,0)) | E10: =IF(K10="","",VLOOKUP(F10,Tabelle1!$A$2:$M$496,13,0)) | K10: =IF(F10="","",C11*G10*H10) | L10: =IF(K10="","",VLOOKUP(F10,Tabelle1!$A$2:$I$496,9,0)) | M10: =IF(K10="","",VLOOKUP(F10,Tabelle1!$A$2:$G$496,7,0)) | N10: =IF(M10>0,O10,"") | O10: =IF(K10="","",((K10*VLOOKUP(F10,Tabelle1!$A$2:$I$496,8,0))/$W$4)) | P10: =IF(K10="","",VLOOKUP(F10,Tabelle1!$A$2:$L$496,12,0)) | R10: Drytube | T10: =SUMIFS($O$4:$O$265,$M$4:$M$265,"0",$D$4:$D$265,R10) -> 0 | U10: =SUMIFS($O$4:$O$265,$M$4:$M$265,"1",$D$4:$D$265,R10) -> 0
D11: =IF(K11="","",VLOOKUP(F11,Tabelle1!$A$2:$C$496,3,0)) | E11: =IF(K11="","",VLOOKUP(F11,Tabelle1!$A$2:$M$496,13,0)) | K11: =IF(F11="","",C12*G11*H11) | L11: =IF(K11="","",VLOOKUP(F11,Tabelle1!$A$2:$I$496,9,0)) | M11: =IF(K11="","",VLOOKUP(F11,Tabelle1!$A$2:$G$496,7,0)) | N11: =IF(M11>0,O11,"") | O11: =IF(K11="","",((K11*VLOOKUP(F11,Tabelle1!$A$2:$I$496,8,0))/$W$4)) | P11: =IF(K11="","",VLOOKUP(F11,Tabelle1!$A$2:$L$496,12,0)) | R11: Other (IU, Oral, Pessary, Footbath) | T11: =SUM(T13:T16) -> 0 | U11: =SUM(U13:U16) -> 0
D12: =IF(K12="","",VLOOKUP(F12,Tabelle1!$A$2:$C$496,3,0)) | E12: =IF(K12="","",VLOOKUP(F12,Tabelle1!$A$2:$M$496,13,0)) | K12: =IF(F12="","",C13*G12*H12) | L12: =IF(K12="","",VLOOKUP(F12,Tabelle1!$A$2:$I$496,9,0)) | M12: =IF(K12="","",VLOOKUP(F12,Tabelle1!$A$2:$G$496,7,0)) | N12: =IF(M12>0,O12,"") | O12: =IF(K12="","",((K12*VLOOKUP(F12,Tabelle1!$A$2:$I$496,8,0))/$W$4)) | P12: =IF(K12="","",VLOOKUP(F12,Tabelle1!$A$2:$L$496,12,0)) | R12: Total | T12: =SUM(T8:T11) -> 0 | U12: =SUM(U8:U11) -> 0 | V12: =T12+U12 -> 0
D13: =IF(K13="","",VLOOKUP(F13,Tabelle1!$A$2:$C$496,3,0)) | E13: =IF(K13="","",VLOOKUP(F13,Tabelle1!$A$2:$M$496,13,0)) | K13: =IF(F13="","",C14*G13*H13) | L13: =IF(K13="","",VLOOKUP(F13,Tabelle1!$A$2:$I$496,9,0)) | M13: =IF(K13="","",VLOOKUP(F13,Tabelle1!$A$2:$G$496,7,0)) | N13: =IF(M13>0,O13,"") | O13: =IF(K13="","",((K13*VLOOKUP(F13,Tabelle1!$A$2:$I$496,8,0))/$W$4)) | P13: =IF(K13="","",VLOOKUP(F13,Tabelle1!$A$2:$L$496,12,0)) | R13: Footbath | T13: =SUMIFS($O$4:$O$265,$M$4:$M$265,"0",$D$4:$D$265,R13) -> 0 | U13: =SUMIFS($O$4:$O$265,$M$4:$M$265,"1",$D$4:$D$265,R13) -> 0
D14: =IF(K14="","",VLOOKUP(F14,Tabelle1!$A$2:$C$496,3,0)) | E14: =IF(K14="","",VLOOKUP(F14,Tabelle1!$A$2:$M$496,13,0)) | K14: =IF(F14="","",C15*G14*H14) | L14: =IF(K14="","",VLOOKUP(F14,Tabelle1!$A$2:$I$496,9,0)) | M14: =IF(K14="","",VLOOKUP(F14,Tabelle1!$A$2:$G$496,7,0)) | N14: =IF(M14>0,O14,"") | O14: =IF(K14="","",((K14*VLOOKUP(F14,Tabelle1!$A$2:$I$496,8,0))/$W$4)) | P14: =IF(K14="","",VLOOKUP(F14,Tabelle1!$A$2:$L$496,12,0)) | R14: IU | T14: =SUMIFS($O$4:$O$265,$M$4:$M$265,"0",$D$4:$D$265,R14) -> 0 | U14: =SUMIFS($O$4:$O$265,$M$4:$M$265,"1",$D$4:$D$265,R14) -> 0
D15: =IF(K15="","",VLOOKUP(F15,Tabelle1!$A$2:$C$496,3,0)) | E15: =IF(K15="","",VLOOKUP(F15,Tabelle1!$A$2:$M$496,13,0)) | K15: =IF(F15="","",C16*G15*H15) | L15: =IF(K15="","",VLOOKUP(F15,Tabelle1!$A$2:$I$496,9,0)) | M15: =IF(K15="","",VLOOKUP(F15,Tabelle1!$A$2:$G$496,7,0)) | N15: =IF(M15>0,O15,"") | O15: =IF(K15="","",((K15*VLOOKUP(F15,Tabelle1!$A$2:$I$496,8,0))/$W$4)) | P15: =IF(K15="","",VLOOKUP(F15,Tabelle1!$A$2:$L$496,12,0)) | R15: Oral | T15: =SUMIFS($O$4:$O$265,$M$4:$M$265,"0",$D$4:$D$265,R15) -> 0 | U15: =SUMIFS($O$4:$O$265,$M$4:$M$265,"1",$D$4:$D$265,R15) -> 0
D16: =IF(K16="","",VLOOKUP(F16,Tabelle1!$A$2:$C$496,3,0)) | E16: =IF(K16="","",VLOOKUP(F16,Tabelle1!$A$2:$M$496,13,0)) | K16: =IF(F16="","",C16*G16*H16) | L16: =IF(K16="","",VLOOKUP(F16,Tabelle1!$A$2:$I$496,9,0)) | M16: =IF(K16="","",VLOOKUP(F16,Tabelle1!$A$2:$G$496,7,0)) | N16: =IF(M16>0,O16,"") | O16: =IF(K16="","",((K16*VLOOKUP(F16,Tabelle1!$A$2:$I$496,8,0))/$W$4)) | P16: =IF(K16="","",VLOOKUP(F16,Tabelle1!$A$2:$L$496,12,0)) | R16: Pessary | T16: =SUMIFS($O$4:$O$265,$M$4:$M$265,"0",$D$4:$D$265,R16) -> 0 | U16: =SUMIFS($O$4:$O$265,$M$4:$M$265,"1",$D$4:$D$265,R16) -> 0
D17: =IF(K17="","",VLOOKUP(F17,Tabelle1!$A$2:$C$496,3,0)) | E17: =IF(K17="","",VLOOKUP(F17,Tabelle1!$A$2:$M$496,13,0)) | K17: =IF(F17="","",C17*G17*H17) | L17: =IF(K17="","",VLOOKUP(F17,Tabelle1!$A$2:$I$496,9,0)) | M17: =IF(K17="","",VLOOKUP(F17,Tabelle1!$A$2:$G$496,7,0)) | N17: =IF(M17>0,O17,"") | O17: =IF(K17="","",((K17*VLOOKUP(F17,Tabelle1!$A$2:$I$496,8,0))/$W$4)) | P17: =IF(K17="","",VLOOKUP(F17,Tabelle1!$A$2:$L$496,12,0))
D18: =IF(K18="","",VLOOKUP(F18,Tabelle1!$A$2:$C$496,3,0)) | E18: =IF(K18="","",VLOOKUP(F18,Tabelle1!$A$2:$M$496,13,0)) | K18: =IF(F18="","",C18*G18*H18) | L18: =IF(K18="","",VLOOKUP(F18,Tabelle1!$A$2:$I$496,9,0)) | M18: =IF(K18="","",VLOOKUP(F18,Tabelle1!$A$2:$G$496,7,0)) | N18: =IF(M18>0,O18,"") | O18: =IF(K18="","",((K18*VLOOKUP(F18,Tabelle1!$A$2:$I$496,8,0))/$W$4)) | P18: =IF(K18="","",VLOOKUP(F18,Tabelle1!$A$2:$L$496,12,0))
D19: =IF(K19="","",VLOOKUP(F19,Tabelle1!$A$2:$C$496,3,0)) | E19: =IF(K19="","",VLOOKUP(F19,Tabelle1!$A$2:$M$496,13,0)) | K19: =IF(F19="","",C19*G19*H19) | L19: =IF(K19="","",VLOOKUP(F19,Tabelle1!$A$2:$I$496,9,0)) | M19: =IF(K19="","",VLOOKUP(F19,Tabelle1!$A$2:$G$496,7,0)) | N19: =IF(M19>0,O19,"") | O19: =IF(K19="","",((K19*VLOOKUP(F19,Tabelle1!$A$2:$I$496,8,0))/$W$4)) | P19: =IF(K19="","",VLOOKUP(F19,Tabelle1!$A$2:$L$496,12,0))
D20: =IF(K20="","",VLOOKUP(F20,Tabelle1!$A$2:$C$496,3,0)) | E20: =IF(K20="","",VLOOKUP(F20,Tabelle1!$A$2:$M$496,13,0)) | K20: =IF(F20="","",C20*G20*H20) | L20: =IF(K20="","",VLOOKUP(F20,Tabelle1!$A$2:$I$496,9,0)) | M20: =IF(K20="","",VLOOKUP(F20,Tabelle1!$A$2:$G$496,7,0)) | N20: =IF(M20>0,O20,"") | O20: =IF(K20="","",((K20*VLOOKUP(F20,Tabelle1!$A$2:$I$496,8,0))/$W$4)) | P20: =IF(K20="","",VLOOKUP(F20,Tabelle1!$A$2:$L$496,12,0))
D21: =IF(K21="","",VLOOKUP(F21,Tabelle1!$A$2:$C$496,3,0)) | E21: =IF(K21="","",VLOOKUP(F21,Tabelle1!$A$2:$M$496,13,0)) | K21: =IF(F21="","",C21*G21*H21) | L21: =IF(K21="","",VLOOKUP(F21,Tabelle1!$A$2:$I$496,9,0)) | M21: =IF(K21="","",VLOOKUP(F21,Tabelle1!$A$2:$G$496,7,0)) | N21: =IF(M21>0,O21,"") | O21: =IF(K21="","",((K21*VLOOKUP(F21,Tabelle1!$A$2:$I$496,8,0))/$W$4)) | P21: =IF(K21="","",VLOOKUP(F21,Tabelle1!$A$2:$L$496,12,0))
D22: =IF(K22="","",VLOOKUP(F22,Tabelle1!$A$2:$C$496,3,0)) | E22: =IF(K22="","",VLOOKUP(F22,Tabelle1!$A$2:$M$496,13,0)) | K22: =IF(F22="","",C22*G22*H22) | L22: =IF(K22="","",VLOOKUP(F22,Tabelle1!$A$2:$I$496,9,0)) | M22: =IF(K22="","",VLOOKUP(F22,Tabelle1!$A$2:$G$496,7,0)) | N22: =IF(M22>0,O22,"") | O22: =IF(K22="","",((K22*VLOOKUP(F22,Tabelle1!$A$2:$I$496,8,0))/$W$4)) | P22: =IF(K22="","",VLOOKUP(F22,Tabelle1!$A$2:$L$496,12,0))
D23: =IF(K23="","",VLOOKUP(F23,Tabelle1!$A$2:$C$496,3,0)) | E23: =IF(K23="","",VLOOKUP(F23,Tabelle1!$A$2:$M$496,13,0)) | K23: =IF(F23="","",C23*G23*H23) | L23: =IF(K23="","",VLOOKUP(F23,Tabelle1!$A$2:$I$496,9,0)) | M23: =IF(K23="","",VLOOKUP(F23,Tabelle1!$A$2:$G$496,7,0)) | N23: =IF(M23>0,O23,"") | O23: =IF(K23="","",((K23*VLOOKUP(F23,Tabelle1!$A$2:$I$496,8,0))/$W$4)) | P23: =IF(K23="","",VLOOKUP(F23,Tabelle1!$A$2:$L$496,12,0))
D24: =IF(K24="","",VLOOKUP(F24,Tabelle1!$A$2:$C$496,3,0)) | E24: =IF(K24="","",VLOOKUP(F24,Tabelle1!$A$2:$M$496,13,0)) | K24: =IF(F24="","",C24*G24*H24) | L24: =IF(K24="","",VLOOKUP(F24,Tabelle1!$A$2:$I$496,9,0)) | M24: =IF(K24="","",VLOOKUP(F24,Tabelle1!$A$2:$G$496,7,0)) | N24: =IF(M24>0,O24,"") | O24: =IF(K24="","",((K24*VLOOKUP(F24,Tabelle1!$A$2:$I$496,8,0))/$W$4)) | P24: =IF(K24="","",VLOOKUP(F24,Tabelle1!$A$2:$L$496,12,0))
D25: =IF(K25="","",VLOOKUP(F25,Tabelle1!$A$2:$C$496,3,0)) | E25: =IF(K25="","",VLOOKUP(F25,Tabelle1!$A$2:$M$496,13,0)) | K25: =IF(F25="","",C25*G25*H25) | L25: =IF(K25="","",VLOOKUP(F25,Tabelle1!$A$2:$I$496,9,0)) | M25: =IF(K25="","",VLOOKUP(F25,Tabelle1!$A$2:$G$496,7,0)) | N25: =IF(M25>0,O25,"") | O25: =IF(K25="","",((K25*VLOOKUP(F25,Tabelle1!$A$2:$I$496,8,0))/$W$4)) | P25: =IF(K25="","",VLOOKUP(F25,Tabelle1!$A$2:$L$496,12,0))
D26: =IF(K26="","",VLOOKUP(F26,Tabelle1!$A$2:$C$496,3,0)) | E26: =IF(K26="","",VLOOKUP(F26,Tabelle1!$A$2:$M$496,13,0)) | K26: =IF(F26="","",C26*G26*H26) | L26: =IF(K26="","",VLOOKUP(F26,Tabelle1!$A$2:$I$496,9,0)) | M26: =IF(K26="","",VLOOKUP(F26,Tabelle1!$A$2:$G$496,7,0)) | N26: =IF(M26>0,O26,"") | O26: =IF(K26="","",((K26*VLOOKUP(F26,Tabelle1!$A$2:$I$496,8,0))/$W$4)) | P26: =IF(K26="","",VLOOKUP(F26,Tabelle1!$A$2:$L$496,12,0))
D27: =IF(K27="","",VLOOKUP(F27,Tabelle1!$A$2:$C$496,3,0)) | E27: =IF(K27="","",VLOOKUP(F27,Tabelle1!$A$2:$M$496,13,0)) | K27: =IF(F27="","",C27*G27*H27) | L27: =IF(K27="","",VLOOKUP(F27,Tabelle1!$A$2:$I$496,9,0)) | M27: =IF(K27="","",VLOOKUP(F27,Tabelle1!$A$2:$G$496,7,0)) | N27: =IF(M27>0,O27,"") | O27: =IF(K27="","",((K27*VLOOKUP(F27,Tabelle1!$A$2:$I$496,8,0))/$W$4)) | P27: =IF(K27="","",VLOOKUP(F27,Tabelle1!$A$2:$L$496,12,0))
D28: =IF(K28="","",VLOOKUP(F28,Tabelle1!$A$2:$C$496,3,0)) | E28: =IF(K28="","",VLOOKUP(F28,Tabelle1!$A$2:$M$496,13,0)) | K28: =IF(F28="","",C28*G28*H28) | L28: =IF(K28="","",VLOOKUP(F28,Tabelle1!$A$2:$I$496,9,0)) | M28: =IF(K28="","",VLOOKUP(F28,Tabelle1!$A$2:$G$496,7,0)) | N28: =IF(M28>0,O28,"") | O28: =IF(K28="","",((K28*VLOOKUP(F28,Tabelle1!$A$2:$I$496,8,0))/$W$4)) | P28: =IF(K28="","",VLOOKUP(F28,Tabelle1!$A$2:$L$496,12,0))
... D41: =IF(K41="","",VLOOKUP(F41,Tabelle1!$A$2:$C$496,3,0)) | E41: =IF(K41="","",VLOOKUP(F41,Tabelle1!$A$2:$M$496,13,0)) | K41: =IF(F41="","",C41*G41*H41) | L41: =IF(K41="","",VLOOKUP(F41,Tabelle1!$A$2:$I$496,9,0)) | M41: =IF(K41="","",VLOOKUP(F41,Tabelle1!$A$2:$G$496,7,0)) | N41: =IF(M41>0,O41,"") | O41: =IF(K41="","",((K41*VLOOKUP(F41,Tabelle1!$A$2:$I$496,8,0))/$W$4)) | P41: =IF(K41="","",VLOOKUP(F41,Tabelle1!$A$2:$L$496,12,0))
D42: =IF(K42="","",VLOOKUP(F42,Tabelle1!$A$2:$C$496,3,0)) | E42: =IF(K42="","",VLOOKUP(F42,Tabelle1!$A$2:$M$496,13,0)) | K42: =IF(F42="","",C42*G42*H42) | L42: =IF(K42="","",VLOOKUP(F42,Tabelle1!$A$2:$I$496,9,0)) | M42: =IF(K42="","",VLOOKUP(F42,Tabelle1!$A$2:$G$496,7,0)) | N42: =IF(M42>0,O42,"") | O42: =IF(K42="","",((K42*VLOOKUP(F42,Tabelle1!$A$2:$I$496,8,0))/$W$4)) | P42: =IF(K42="","",VLOOKUP(F42,Tabelle1!$A$2:$L$496,12,0)) | R42: Waga zwierząt
D43: =IF(K43="","",VLOOKUP(F43,Tabelle1!$A$2:$C$496,3,0)) | E43: =IF(K43="","",VLOOKUP(F43,Tabelle1!$A$2:$M$496,13,0)) | K43: =IF(F43="","",C43*G43*H43) | L43: =IF(K43="","",VLOOKUP(F43,Tabelle1!$A$2:$I$496,9,0)) | M43: =IF(K43="","",VLOOKUP(F43,Tabelle1!$A$2:$G$496,7,0)) | N43: =IF(M43>0,O43,"") | O43: =IF(K43="","",((K43*VLOOKUP(F43,Tabelle1!$A$2:$I$496,8,0))/$W$4)) | P43: =IF(K43="","",VLOOKUP(F43,Tabelle1!$A$2:$L$496,12,0))
D44: =IF(K44="","",VLOOKUP(F44,Tabelle1!$A$2:$C$496,3,0)) | E44: =IF(K44="","",VLOOKUP(F44,Tabelle1!$A$2:$M$496,13,0)) | K44: =IF(F44="","",C44*G44*H44) | L44: =IF(K44="","",VLOOKUP(F44,Tabelle1!$A$2:$I$496,9,0)) | M44: =IF(K44="","",VLOOKUP(F44,Tabelle1!$A$2:$G$496,7,0)) | N44: =IF(M44>0,O44,"") | O44: =IF(K44="","",((K44*VLOOKUP(F44,Tabelle1!$A$2:$I$496,8,0))/$W$4)) | P44: =IF(K44="","",VLOOKUP(F44,Tabelle1!$A$2:$L$496,12,0)) | R44: Live weight unit | S44: Kilograms | U44: Total PCU
D45: =IF(K45="","",VLOOKUP(F45,Tabelle1!$A$2:$C$496,3,0)) | E45: =IF(K45="","",VLOOKUP(F45,Tabelle1!$A$2:$M$496,13,0)) | K45: =IF(F45="","",C45*G45*H45) | L45: =IF(K45="","",VLOOKUP(F45,Tabelle1!$A$2:$I$496,9,0)) | M45: =IF(K45="","",VLOOKUP(F45,Tabelle1!$A$2:$G$496,7,0)) | N45: =IF(M45>0,O45,"") | O45: =IF(K45="","",((K45*VLOOKUP(F45,Tabelle1!$A$2:$I$496,8,0))/$W$4)) | P45: =IF(K45="","",VLOOKUP(F45,Tabelle1!$A$2:$L$496,12,0)) | S45: On-farm animals | U45: =(S47*T47)+(S48*T48)+(S49*T49)+(S50*T50)+(S51*T51)+(S52*T52) -> 0
D46: =IF(K46="","",VLOOKUP(F46,Tabelle1!$A$2:$C$496,3,0)) | E46: =IF(K46="","",VLOOKUP(F46,Tabelle1!$A$2:$M$496,13,0)) | K46: =IF(F46="","",C46*G46*H46) | L46: =IF(K46="","",VLOOKUP(F46,Tabelle1!$A$2:$I$496,9,0)) | M46: =IF(K46="","",VLOOKUP(F46,Tabelle1!$A$2:$G$496,7,0)) | N46: =IF(M46>0,O46,"") | O46: =IF(K46="","",((K46*VLOOKUP(F46,Tabelle1!$A$2:$I$496,8,0))/$W$4)) | P46: =IF(K46="","",VLOOKUP(F46,Tabelle1!$A$2:$L$496,12,0)) | R46: Category | S46: Number | T46: Live weight
D47: =IF(K47="","",VLOOKUP(F47,Tabelle1!$A$2:$C$496,3,0)) | E47: =IF(K47="","",VLOOKUP(F47,Tabelle1!$A$2:$M$496,13,0)) | K47: =IF(F47="","",C47*G47*H47) | L47: =IF(K47="","",VLOOKUP(F47,Tabelle1!$A$2:$I$496,9,0)) | M47: =IF(K47="","",VLOOKUP(F47,Tabelle1!$A$2:$G$496,7,0)) | N47: =IF(M47>0,O47,"") | O47: =IF(K47="","",((K47*VLOOKUP(F47,Tabelle1!$A$2:$I$496,8,0))/$W$4)) | P47: =IF(K47="","",VLOOKUP(F47,Tabelle1!$A$2:$L$496,12,0)) | R47: Dairy cows | S47: ='Karta informacyjna'!D8 -> 0 | T47: 425
D48: =IF(K48="","",VLOOKUP(F48,Tabelle1!$A$2:$C$496,3,0)) | E48: =IF(K48="","",VLOOKUP(F48,Tabelle1!$A$2:$M$496,13,0)) | K48: =IF(F48="","",C48*G48*H48) | L48: =IF(K48="","",VLOOKUP(F48,Tabelle1!$A$2:$I$496,9,0)) | M48: =IF(K48="","",VLOOKUP(F48,Tabelle1!$A$2:$G$496,7,0)) | N48: =IF(M48>0,O48,"") | O48: =IF(K48="","",((K48*VLOOKUP(F48,Tabelle1!$A$2:$I$496,8,0))/$W$4)) | P48: =IF(K48="","",VLOOKUP(F48,Tabelle1!$A$2:$L$496,12,0)) | R48: Dry cows
D49: =IF(K49="","",VLOOKUP(F49,Tabelle1!$A$2:$C$496,3,0)) | E49: =IF(K49="","",VLOOKUP(F49,Tabelle1!$A$2:$M$496,13,0)) | K49: =IF(F49="","",C49*G49*H49) | L49: =IF(K49="","",VLOOKUP(F49,Tabelle1!$A$2:$I$496,9,0)) | M49: =IF(K49="","",VLOOKUP(F49,Tabelle1!$A$2:$G$496,7,0)) | N49: =IF(M49>0,O49,"") | O49: =IF(K49="","",((K49*VLOOKUP(F49,Tabelle1!$A$2:$I$496,8,0))/$W$4)) | P49: =IF(K49="","",VLOOKUP(F49,Tabelle1!$A$2:$L$496,12,0)) | R49: Calves | S49: ='Karta informacyjna'!D10 -> 0 | T49: 140
D50: =IF(K50="","",VLOOKUP(F50,Tabelle1!$A$2:$C$496,3,0)) | E50: =IF(K50="","",VLOOKUP(F50,Tabelle1!$A$2:$M$496,13,0)) | K50: =IF(F50="","",C50*G50*H50) | L50: =IF(K50="","",VLOOKUP(F50,Tabelle1!$A$2:$I$496,9,0)) | M50: =IF(K50="","",VLOOKUP(F50,Tabelle1!$A$2:$G$496,7,0)) | N50: =IF(M50>0,O50,"") | O50: =IF(K50="","",((K50*VLOOKUP(F50,Tabelle1!$A$2:$I$496,8,0))/$W$4)) | P50: =IF(K50="","",VLOOKUP(F50,Tabelle1!$A$2:$L$496,12,0)) | R50: Heifers | S50: ='Karta informacyjna'!D9 -> 0 | T50: 200
D51: =IF(K51="","",VLOOKUP(F51,Tabelle1!$A$2:$C$496,3,0)) | E51: =IF(K51="","",VLOOKUP(F51,Tabelle1!$A$2:$M$496,13,0)) | K51: =IF(F51="","",C51*G51*H51) | L51: =IF(K51="","",VLOOKUP(F51,Tabelle1!$A$2:$I$496,9,0)) | M51: =IF(K51="","",VLOOKUP(F51,Tabelle1!$A$2:$G$496,7,0)) | N51: =IF(M51>0,O51,"") | O51: =IF(K51="","",((K51*VLOOKUP(F51,Tabelle1!$A$2:$I$496,8,0))/$W$4)) | P51: =IF(K51="","",VLOOKUP(F51,Tabelle1!$A$2:$L$496,12,0)) | R51: Steers
D52: =IF(K52="","",VLOOKUP(F52,Tabelle1!$A$2:$C$496,3,0)) | E52: =IF(K52="","",VLOOKUP(F52,Tabelle1!$A$2:$M$496,13,0)) | K52: =IF(F52="","",C52*G52*H52) | L52: =IF(K52="","",VLOOKUP(F52,Tabelle1!$A$2:$I$496,9,0)) | M52: =IF(K52="","",VLOOKUP(F52,Tabelle1!$A$2:$G$496,7,0)) | N52: =IF(M52>0,O52,"") | O52: =IF(K52="","",((K52*VLOOKUP(F52,Tabelle1!$A$2:$I$496,8,0))/$W$4)) | P52: =IF(K52="","",VLOOKUP(F52,Tabelle1!$A$2:$L$496,12,0)) | R52: Bulls | S52: ='Karta informacyjna'!D11 -> 0 | T52: 425
D53: =IF(K53="","",VLOOKUP(F53,Tabelle1!$A$2:$C$496,3,0)) | E53: =IF(K53="","",VLOOKUP(F53,Tabelle1!$A$2:$M$496,13,0)) | K53: =IF(F53="","",C53*G53*H53) | L53: =IF(K53="","",VLOOKUP(F53,Tabelle1!$A$2:$I$496,9,0)) | M53: =IF(K53="","",VLOOKUP(F53,Tabelle1!$A$2:$G$496,7,0)) | N53: =IF(M53>0,O53,"") | O53: =IF(K53="","",((K53*VLOOKUP(F53,Tabelle1!$A$2:$I$496,8,0))/$W$4)) | P53: =IF(K53="","",VLOOKUP(F53,Tabelle1!$A$2:$L$496,12,0))
D54: =IF(K54="","",VLOOKUP(F54,Tabelle1!$A$2:$C$496,3,0)) | E54: =IF(K54="","",VLOOKUP(F54,Tabelle1!$A$2:$M$496,13,0)) | K54: =IF(F54="","",C54*G54*H54) | L54: =IF(K54="","",VLOOKUP(F54,Tabelle1!$A$2:$I$496,9,0)) | M54: =IF(K54="","",VLOOKUP(F54,Tabelle1!$A$2:$G$496,7,0)) | N54: =IF(M54>0,O54,"") | O54: =IF(K54="","",((K54*VLOOKUP(F54,Tabelle1!$A$2:$I$496,8,0))/$W$4)) | P54: =IF(K54="","",VLOOKUP(F54,Tabelle1!$A$2:$L$496,12,0))
D55: =IF(K55="","",VLOOKUP(F55,Tabelle1!$A$2:$C$496,3,0)) | E55: =IF(K55="","",VLOOKUP(F55,Tabelle1!$A$2:$M$496,13,0)) | K55: =IF(F55="","",C55*G55*H55) | L55: =IF(K55="","",VLOOKUP(F55,Tabelle1!$A$2:$I$496,9,0)) | M55: =IF(K55="","",VLOOKUP(F55,Tabelle1!$A$2:$G$496,7,0)) | N55: =IF(M55>0,O55,"") | O55: =IF(K55="","",((K55*VLOOKUP(F55,Tabelle1!$A$2:$I$496,8,0))/$W$4)) | P55: =IF(K55="","",VLOOKUP(F55,Tabelle1!$A$2:$L$496,12,0))
D56: =IF(K56="","",VLOOKUP(F56,Tabelle1!$A$2:$C$496,3,0)) | E56: =IF(K56="","",VLOOKUP(F56,Tabelle1!$A$2:$M$496,13,0)) | K56: =IF(F56="","",C56*G56*H56) | L56: =IF(K56="","",VLOOKUP(F56,Tabelle1!$A$2:$I$496,9,0)) | M56: =IF(K56="","",VLOOKUP(F56,Tabelle1!$A$2:$G$496,7,0)) | N56: =IF(M56>0,O56,"") | O56: =IF(K56="","",((K56*VLOOKUP(F56,Tabelle1!$A$2:$I$496,8,0))/$W$4)) | P56: =IF(K56="","",VLOOKUP(F56,Tabelle1!$A$2:$L$496,12,0))
D57: =IF(K57="","",VLOOKUP(F57,Tabelle1!$A$2:$C$496,3,0)) | E57: =IF(K57="","",VLOOKUP(F57,Tabelle1!$A$2:$M$496,13,0)) | K57: =IF(F57="","",C57*G57*H57) | L57: =IF(K57="","",VLOOKUP(F57,Tabelle1!$A$2:$I$496,9,0)) | M57: =IF(K57="","",VLOOKUP(F57,Tabelle1!$A$2:$G$496,7,0)) | N57: =IF(M57>0,O57,"") | O57: =IF(K57="","",((K57*VLOOKUP(F57,Tabelle1!$A$2:$I$496,8,0))/$W$4)) | P57: =IF(K57="","",VLOOKUP(F57,Tabelle1!$A$2:$L$496,12,0))
D58: =IF(K58="","",VLOOKUP(F58,Tabelle1!$A$2:$C$496,3,0)) | E58: =IF(K58="","",VLOOKUP(F58,Tabelle1!$A$2:$M$496,13,0)) | K58: =IF(F58="","",C58*G58*H58) | L58: =IF(K58="","",VLOOKUP(F58,Tabelle1!$A$2:$I$496,9,0)) | M58: =IF(K58="","",VLOOKUP(F58,Tabelle1!$A$2:$G$496,7,0)) | N58: =IF(M58>0,O58,"") | O58: =IF(K58="","",((K58*VLOOKUP(F58,Tabelle1!$A$2:$I$496,8,0))/$W$4)) | P58: =IF(K58="","",VLOOKUP(F58,Tabelle1!$A$2:$L$496,12,0))
D59: =IF(K59="","",VLOOKUP(F59,Tabelle1!$A$2:$C$496,3,0)) | E59: =IF(K59="","",VLOOKUP(F59,Tabelle1!$A$2:$M$496,13,0)) | K59: =IF(F59="","",C59*G59*H59) | L59: =IF(K59="","",VLOOKUP(F59,Tabelle1!$A$2:$I$496,9,0)) | M59: =IF(K59="","",VLOOKUP(F59,Tabelle1!$A$2:$G$496,7,0)) | N59: =IF(M59>0,O59,"") | O59: =IF(K59="","",((K59*VLOOKUP(F59,Tabelle1!$A$2:$I$496,8,0))/$W$4)) | P59: =IF(K59="","",VLOOKUP(F59,Tabelle1!$A$2:$L$496,12,0))
D60: =IF(K60="","",VLOOKUP(F60,Tabelle1!$A$2:$C$496,3,0)) | E60: =IF(K60="","",VLOOKUP(F60,Tabelle1!$A$2:$M$496,13,0)) | K60: =IF(F60="","",C60*G60*H60) | L60: =IF(K60="","",VLOOKUP(F60,Tabelle1!$A$2:$I$496,9,0)) | M60: =IF(K60="","",VLOOKUP(F60,Tabelle1!$A$2:$G$496,7,0)) | N60: =IF(M60>0,O60,"") | O60: =IF(K60="","",((K60*VLOOKUP(F60,Tabelle1!$A$2:$I$496,8,0))/$W$4)) | P60: =IF(K60="","",VLOOKUP(F60,Tabelle1!$A$2:$L$496,12,0))
D61: =IF(K61="","",VLOOKUP(F61,Tabelle1!$A$2:$C$496,3,0)) | E61: =IF(K61="","",VLOOKUP(F61,Tabelle1!$A$2:$M$496,13,0)) | K61: =IF(F61="","",C61*G61*H61) | L61: =IF(K61="","",VLOOKUP(F61,Tabelle1!$A$2:$I$496,9,0)) | M61: =IF(K61="","",VLOOKUP(F61,Tabelle1!$A$2:$G$496,7,0)) | N61: =IF(M61>0,O61,"") | O61: =IF(K61="","",((K61*VLOOKUP(F61,Tabelle1!$A$2:$I$496,8,0))/$W$4)) | P61: =IF(K61="","",VLOOKUP(F61,Tabelle1!$A$2:$L$496,12,0))
D62: =IF(K62="","",VLOOKUP(F62,Tabelle1!$A$2:$C$496,3,0)) | E62: =IF(K62="","",VLOOKUP(F62,Tabelle1!$A$2:$M$496,13,0)) | K62: =IF(F62="","",C62*G62*H62) | L62: =IF(K62="","",VLOOKUP(F62,Tabelle1!$A$2:$I$496,9,0)) | M62: =IF(K62="","",VLOOKUP(F62,Tabelle1!$A$2:$G$496,7,0)) | N62: =IF(M62>0,O62,"") | O62: =IF(K62="","",((K62*VLOOKUP(F62,Tabelle1!$A$2:$I$496,8,0))/$W$4)) | P62: =IF(K62="","",VLOOKUP(F62,Tabelle1!$A$2:$L$496,12,0))
D63: =IF(K63="","",VLOOKUP(F63,Tabelle1!$A$2:$C$496,3,0)) | E63: =IF(K63="","",VLOOKUP(F63,Tabelle1!$A$2:$M$496,13,0)) | K63: =IF(F63="","",C63*G63*H63) | L63: =IF(K63="","",VLOOKUP(F63,Tabelle1!$A$2:$I$496,9,0)) | M63: =IF(K63="","",VLOOKUP(F63,Tabelle1!$A$2:$G$496,7,0)) | N63: =IF(M63>0,O63,"") | O63: =IF(K63="","",((K63*VLOOKUP(F63,Tabelle1!$A$2:$I$496,8,0))/$W$4)) | P63: =IF(K63="","",VLOOKUP(F63,Tabelle1!$A$2:$L$496,12,0))
D64: =IF(K64="","",VLOOKUP(F64,Tabelle1!$A$2:$C$496,3,0)) | E64: =IF(K64="","",VLOOKUP(F64,Tabelle1!$A$2:$M$496,13,0)) | K64: =IF(F64="","",C64*G64*H64) | L64: =IF(K64="","",VLOOKUP(F64,Tabelle1!$A$2:$I$496,9,0)) | M64: =IF(K64="","",VLOOKUP(F64,Tabelle1!$A$2:$G$496,7,0)) | N64: =IF(M64>0,O64,"") | O64: =IF(K64="","",((K64*VLOOKUP(F64,Tabelle1!$A$2:$I$496,8,0))/$W$4)) | P64: =IF(K64="","",VLOOKUP(F64,Tabelle1!$A$2:$L$496,12,0))
... D529: =IF(K529="","",VLOOKUP(F529,Tabelle1!$A$2:$C$496,3,0)) | E529: =IF(K529="","",VLOOKUP(F529,Tabelle1!$A$2:$M$496,13,0)) | K529: =IF(F529="","",C529*G529*H529) | L529: =IF(K529="","",VLOOKUP(F529,Tabelle1!$A$2:$I$496,9,0)) | M529: =IF(K529="","",VLOOKUP(F529,Tabelle1!$A$2:$G$496,7,0)) | N529: =IF(M529>0,O529,"") | O529: =IF(K529="","",((K529*VLOOKUP(F529,Tabelle1!$A$2:$I$496,8,0))/$W$4)) | P529: =IF(K529="","",VLOOKUP(F529,Tabelle1!$A$2:$L$496,12,0))

Sheet Mastitis
A1: Mastitis
J2: =SUM(J4:J265) -> 0 | M2: =SUM(M4:M265) -> 0 | N2: =SUM(N4:N265) -> 0 | O2: =SUM(O4:O265) -> 0
A3: Data | B3: Kategoria bydła | C3: Liczba leczonych zwierząt | D3: Sposób podania (Route) | E3: Ryzyko powstawania oporności 1-6 | F3: Antybiotyk (nazwa preparatu w tubostrzykawce) (Product) | G3: Dawka dzienna | H3: Liczba tubostrzykawek (przez cały okres leczenia) (liczba podań) | I3: Rozpoznanie (Treatments) | J3: Antybiogram [0=nie; 1=tak] | K3: Liczba tubostrzykawek (przez cały okres leczenia) (liczba podań) (Amount used) | L3: Jednostka (Unit) | M3: Krytyczny [0=nie; 1=tak (Critical) [0 = no; 1 = yes] | N3: Antybiotyki krytyczne [mg/PCU] (Critically Important) [mg/PCU] | O3: Zużycie antybiotyków [mg/PCU] (Antibiotic Use) [mg/PCU] | P3: Klasa EMA A-D | T3: Total Antibiotic Use [mg/PCU] | U3: Total Critically Important [mg/PCU] | W3: Total PCU
B4: Krowa | C4: 6 | D4: =IF(K4="","",VLOOKUP(F4,Tabelle1!$A$2:$C$496,3,0)) | E4: =IF(K4="","",VLOOKUP(F4,Tabelle1!$A$2:$M$496,13,0)) | L4: =IF(K4="","",VLOOKUP(F4,Tabelle1!$A$2:$I$496,9,0)) | M4: =IF(K4="","",VLOOKUP(F4,Tabelle1!$A$2:$G$496,7,0)) | N4: =IF(M4>0,O4,"") | O4: =IF(K4="","",((K4*VLOOKUP(F4,Tabelle1!$A$2:$I$496,8,0))/$W$4)) | P4: =IF(K4="","",VLOOKUP(F4,Tabelle1!$A$2:$L$496,12,0)) | R4: Total mg/PCU in herd | T4: =(SUM(O4:O265)) -> 0 | U4: =SUM(N4:N265) -> 0 | W4: =U45 -> 0
B5: Krowa | C5: 7 | D5: =IF(K5="","",VLOOKUP(F5,Tabelle1!$A$2:$C$496,3,0)) | E5: =IF(K5="","",VLOOKUP(F5,Tabelle1!$A$2:$M$496,13,0)) | L5: =IF(K5="","",VLOOKUP(F5,Tabelle1!$A$2:$I$496,9,0)) | M5: =IF(K5="","",VLOOKUP(F5,Tabelle1!$A$2:$G$496,7,0)) | N5: =IF(M5>0,O5,"") | O5: =IF(K5="","",((K5*VLOOKUP(F5,Tabelle1!$A$2:$I$496,8,0))/$W$4)) | P5: =IF(K5="","",VLOOKUP(F5,Tabelle1!$A$2:$L$496,12,0))
B6: Krowa | C6: 8 | D6: =IF(K6="","",VLOOKUP(F6,Tabelle1!$A$2:$C$496,3,0)) | E6: =IF(K6="","",VLOOKUP(F6,Tabelle1!$A$2:$M$496,13,0)) | L6: =IF(K6="","",VLOOKUP(F6,Tabelle1!$A$2:$I$496,9,0)) | M6: =IF(K6="","",VLOOKUP(F6,Tabelle1!$A$2:$G$496,7,0)) | N6: =IF(M6>0,O6,"") | O6: =IF(K6="","",((K6*VLOOKUP(F6,Tabelle1!$A$2:$I$496,8,0))/$W$4)) | P6: =IF(K6="","",VLOOKUP(F6,Tabelle1!$A$2:$L$496,12,0))
B7: Krowa | C7: 9 | D7: =IF(K7="","",VLOOKUP(F7,Tabelle1!$A$2:$C$496,3,0)) | E7: =IF(K7="","",VLOOKUP(F7,Tabelle1!$A$2:$M$496,13,0)) | L7: =IF(K7="","",VLOOKUP(F7,Tabelle1!$A$2:$I$496,9,0)) | M7: =IF(K7="","",VLOOKUP(F7,Tabelle1!$A$2:$G$496,7,0)) | N7: =IF(M7>0,O7,"") | O7: =IF(K7="","",((K7*VLOOKUP(F7,Tabelle1!$A$2:$I$496,8,0))/$W$4)) | P7: =IF(K7="","",VLOOKUP(F7,Tabelle1!$A$2:$L$496,12,0)) | R7: Route | T7: Antibiotic Use [mg/PCU] | U7: Critically Important [mg/PCU]
B8: Krowa | C8: 10 | D8: =IF(K8="","",VLOOKUP(F8,Tabelle1!$A$2:$C$496,3,0)) | E8: =IF(K8="","",VLOOKUP(F8,Tabelle1!$A$2:$M$496,13,0)) | L8: =IF(K8="","",VLOOKUP(F8,Tabelle1!$A$2:$I$496,9,0)) | M8: =IF(K8="","",VLOOKUP(F8,Tabelle1!$A$2:$G$496,7,0)) | N8: =IF(M8>0,O8,"") | O8: =IF(K8="","",((K8*VLOOKUP(F8,Tabelle1!$A$2:$I$496,8,0))/$W$4)) | P8: =IF(K8="","",VLOOKUP(F8,Tabelle1!$A$2:$L$496,12,0)) | R8: Injectable | T8: =SUMIFS($O$4:$O$265,$M$4:$M$265,"0",$D$4:$D$265,R8) -> 0 | U8: =SUMIFS($O$4:$O$265,$M$4:$M$265,"1",$D$4:$D$265,R8) -> 0
B9: Krowa | C9: 11 | D9: =IF(K9="","",VLOOKUP(F9,Tabelle1!$A$2:$C$496,3,0)) | E9: =IF(K9="","",VLOOKUP(F9,Tabelle1!$A$2:$M$496,13,0)) | L9: =IF(K9="","",VLOOKUP(F9,Tabelle1!$A$2:$I$496,9,0)) | M9: =IF(K9="","",VLOOKUP(F9,Tabelle1!$A$2:$G$496,7,0)) | N9: =IF(M9>0,O9,"") | O9: =IF(K9="","",((K9*VLOOKUP(F9,Tabelle1!$A$2:$I$496,8,0))/$W$4)) | P9: =IF(K9="","",VLOOKUP(F9,Tabelle1!$A$2:$L$496,12,0)) | R9: Lactatingtube | T9: =SUMIFS($O$4:$O$265,$M$4:$M$265,"0",$D$4:$D$265,R9) -> 0 | U9: =SUMIFS($O$4:$O$265,$M$4:$M$265,"1",$D$4:$D$265,R9) -> 0
B10: Krowa | C10: 12 | D10: =IF(K10="","",VLOOKUP(F10,Tabelle1!$A$2:$C$496,3,0)) | E10: =IF(K10="","",VLOOKUP(F10,Tabelle1!$A$2:$M$496,13,0)) | L10: =IF(K10="","",VLOOKUP(F10,Tabelle1!$A$2:$I$496,9,0)) | M10: =IF(K10="","",VLOOKUP(F10,Tabelle1!$A$2:$G$496,7,0)) | N10: =IF(M10>0,O10,"") | O10: =IF(K10="","",((K10*VLOOKUP(F10,Tabelle1!$A$2:$I$496,8,0))/$W$4)) | P10: =IF(K10="","",VLOOKUP(F10,Tabelle1!$A$2:$L$496,12,0)) | R10: Drytube | T10: =SUMIFS($O$4:$O$265,$M$4:$M$265,"0",$D$4:$D$265,R10) -> 0 | U10: =SUMIFS($O$4:$O$265,$M$4:$M$265,"1",$D$4:$D$265,R10) -> 0
B11: Krowa | C11: 13 | D11: =IF(K11="","",VLOOKUP(F11,Tabelle1!$A$2:$C$496,3,0)) | E11: =IF(K11="","",VLOOKUP(F11,Tabelle1!$A$2:$M$496,13,0)) | L11: =IF(K11="","",VLOOKUP(F11,Tabelle1!$A$2:$I$496,9,0)) | M11: =IF(K11="","",VLOOKUP(F11,Tabelle1!$A$2:$G$496,7,0)) | N11: =IF(M11>0,O11,"") | O11: =IF(K11="","",((K11*VLOOKUP(F11,Tabelle1!$A$2:$I$496,8,0))/$W$4)) | P11: =IF(K11="","",VLOOKUP(F11,Tabelle1!$A$2:$L$496,12,0)) | R11: Other (IU, Oral, Pessary, Footbath) | T11: =SUM(T13:T16) -> 0 | U11: =SUM(U13:U16) -> 0
B12: Krowa | C12: 14 | D12: =IF(K12="","",VLOOKUP(F12,Tabelle1!$A$2:$C$496,3,0)) | E12: =IF(K12="","",VLOOKUP(F12,Tabelle1!$A$2:$M$496,13,0)) | L12: =IF(K12="","",VLOOKUP(F12,Tabelle1!$A$2:$I$496,9,0)) | M12: =IF(K12="","",VLOOKUP(F12,Tabelle1!$A$2:$G$496,7,0)) | N12: =IF(M12>0,O12,"") | O12: =IF(K12="","",((K12*VLOOKUP(F12,Tabelle1!$A$2:$I$496,8,0))/$W$4)) | P12: =IF(K12="","",VLOOKUP(F12,Tabelle1!$A$2:$L$496,12,0)) | R12: Total | T12: =SUM(T8:T11) -> 0 | U12: =SUM(U8:U11) -> 0 | V12: =T12+U12 -> 0
B13: Krowa | C13: 15 | D13: =IF(K13="","",VLOOKUP(F13,Tabelle1!$A$2:$C$496,3,0)) | E13: =IF(K13="","",VLOOKUP(F13,Tabelle1!$A$2:$M$496,13,0)) | L13: =IF(K13="","",VLOOKUP(F13,Tabelle1!$A$2:$I$496,9,0)) | M13: =IF(K13="","",VLOOKUP(F13,Tabelle1!$A$2:$G$496,7,0)) | N13: =IF(M13>0,O13,"") | O13: =IF(K13="","",((K13*VLOOKUP(F13,Tabelle1!$A$2:$I$496,8,0))/$W$4)) | P13: =IF(K13="","",VLOOKUP(F13,Tabelle1!$A$2:$L$496,12,0)) | R13: Footbath | T13: =SUMIFS($O$4:$O$265,$M$4:$M$265,"0",$D$4:$D$265,R13) -> 0 | U13: =SUMIFS($O$4:$O$265,$M$4:$M$265,"1",$D$4:$D$265,R13) -> 0
B14: Krowa | C14: 16 | D14: =IF(K14="","",VLOOKUP(F14,Tabelle1!$A$2:$C$496,3,0)) | E14: =IF(K14="","",VLOOKUP(F14,Tabelle1!$A$2:$M$496,13,0)) | L14: =IF(K14="","",VLOOKUP(F14,Tabelle1!$A$2:$I$496,9,0)) | M14: =IF(K14="","",VLOOKUP(F14,Tabelle1!$A$2:$G$496,7,0)) | N14: =IF(M14>0,O14,"") | O14: =IF(K14="","",((K14*VLOOKUP(F14,Tabelle1!$A$2:$I$496,8,0))/$W$4)) | P14: =IF(K14="","",VLOOKUP(F14,Tabelle1!$A$2:$L$496,12,0)) | R14: IU | T14: =SUMIFS($O$4:$O$265,$M$4:$M$265,"0",$D$4:$D$265,R14) -> 0 | U14: =SUMIFS($O$4:$O$265,$M$4:$M$265,"1",$D$4:$D$265,R14) -> 0
B15: Krowa | C15: 17 | D15: =IF(K15="","",VLOOKUP(F15,Tabelle1!$A$2:$C$496,3,0)) | E15: =IF(K15="","",VLOOKUP(F15,Tabelle1!$A$2:$M$496,13,0)) | L15: =IF(K15="","",VLOOKUP(F15,Tabelle1!$A$2:$I$496,9,0)) | M15: =IF(K15="","",VLOOKUP(F15,Tabelle1!$A$2:$G$496,7,0)) | N15: =IF(M15>0,O15,"") | O15: =IF(K15="","",((K15*VLOOKUP(F15,Tabelle1!$A$2:$I$496,8,0))/$W$4)) | P15: =IF(K15="","",VLOOKUP(F15,Tabelle1!$A$2:$L$496,12,0)) | R15: Oral | T15: =SUMIFS($O$4:$O$265,$M$4:$M$265,"0",$D$4:$D$265,R15) -> 0 | U15: =SUMIFS($O$4:$O$265,$M$4:$M$265,"1",$D$4:$D$265,R15) -> 0
B16: Krowa | C16: 18 | D16: =IF(K16="","",VLOOKUP(F16,Tabelle1!$A$2:$C$496,3,0)) | E16: =IF(K16="","",VLOOKUP(F16,Tabelle1!$A$2:$M$496,13,0)) | L16: =IF(K16="","",VLOOKUP(F16,Tabelle1!$A$2:$I$496,9,0)) | M16: =IF(K16="","",VLOOKUP(F16,Tabelle1!$A$2:$G$496,7,0)) | N16: =IF(M16>0,O16,"") | O16: =IF(K16="","",((K16*VLOOKUP(F16,Tabelle1!$A$2:$I$496,8,0))/$W$4)) | P16: =IF(K16="","",VLOOKUP(F16,Tabelle1!$A$2:$L$496,12,0)) | R16: Pessary | T16: =SUMIFS($O$4:$O$265,$M$4:$M$265,"0",$D$4:$D$265,R16) -> 0 | U16: =SUMIFS($O$4:$O$265,$M$4:$M$265,"1",$D$4:$D$265,R16) -> 0
B17: Krowa | C17: 19 | D17: =IF(K17="","",VLOOKUP(F17,Tabelle1!$A$2:$C$496,3,0)) | E17: =IF(K17="","",VLOOKUP(F17,Tabelle1!$A$2:$M$496,13,0)) | L17: =IF(K17="","",VLOOKUP(F17,Tabelle1!$A$2:$I$496,9,0)) | M17: =IF(K17="","",VLOOKUP(F17,Tabelle1!$A$2:$G$496,7,0)) | N17: =IF(M17>0,O17,"") | O17: =IF(K17="","",((K17*VLOOKUP(F17,Tabelle1!$A$2:$I$496,8,0))/$W$4)) | P17: =IF(K17="","",VLOOKUP(F17,Tabelle1!$A$2:$L$496,12,0))
B18: Krowa | C18: 20 | D18: =IF(K18="","",VLOOKUP(F18,Tabelle1!$A$2:$C$496,3,0)) | E18: =IF(K18="","",VLOOKUP(F18,Tabelle1!$A$2:$M$496,13,0)) | L18: =IF(K18="","",VLOOKUP(F18,Tabelle1!$A$2:$I$496,9,0)) | M18: =IF(K18="","",VLOOKUP(F18,Tabelle1!$A$2:$G$496,7,0)) | N18: =IF(M18>0,O18,"") | O18: =IF(K18="","",((K18*VLOOKUP(F18,Tabelle1!$A$2:$I$496,8,0))/$W$4)) | P18: =IF(K18="","",VLOOKUP(F18,Tabelle1!$A$2:$L$496,12,0))
B19: Krowa | C19: 21 | D19: =IF(K19="","",VLOOKUP(F19,Tabelle1!$A$2:$C$496,3,0)) | E19: =IF(K19="","",VLOOKUP(F19,Tabelle1!$A$2:$M$496,13,0)) | L19: =IF(K19="","",VLOOKUP(F19,Tabelle1!$A$2:$I$496,9,0)) | M19: =IF(K19="","",VLOOKUP(F19,Tabelle1!$A$2:$G$496,7,0)) | N19: =IF(M19>0,O19,"") | O19: =IF(K19="","",((K19*VLOOKUP(F19,Tabelle1!$A$2:$I$496,8,0))/$W$4)) | P19: =IF(K19="","",VLOOKUP(F19,Tabelle1!$A$2:$L$496,12,0))
B20: Krowa | C20: 22 | D20: =IF(K20="","",VLOOKUP(F20,Tabelle1!$A$2:$C$496,3,0)) | E20: =IF(K20="","",VLOOKUP(F20,Tabelle1!$A$2:$M$496,13,0)) | L20: =IF(K20="","",VLOOKUP(F20,Tabelle1!$A$2:$I$496,9,0)) | M20: =IF(K20="","",VLOOKUP(F20,Tabelle1!$A$2:$G$496,7,0)) | N20: =IF(M20>0,O20,"") | O20: =IF(K20="","",((K20*VLOOKUP(F20,Tabelle1!$A$2:$I$496,8,0))/$W$4)) | P20: =IF(K20="","",VLOOKUP(F20,Tabelle1!$A$2:$L$496,12,0)) | Q20: =SUM(O4:O12) -> 0
B21: Krowa | C21: 23 | D21: =IF(K21="","",VLOOKUP(F21,Tabelle1!$A$2:$C$496,3,0)) | E21: =IF(K21="","",VLOOKUP(F21,Tabelle1!$A$2:$M$496,13,0)) | L21: =IF(K21="","",VLOOKUP(F21,Tabelle1!$A$2:$I$496,9,0)) | M21: =IF(K21="","",VLOOKUP(F21,Tabelle1!$A$2:$G$496,7,0)) | N21: =IF(M21>0,O21,"") | O21: =IF(K21="","",((K21*VLOOKUP(F21,Tabelle1!$A$2:$I$496,8,0))/$W$4)) | P21: =IF(K21="","",VLOOKUP(F21,Tabelle1!$A$2:$L$496,12,0))
B22: Krowa | C22: 24 | D22: =IF(K22="","",VLOOKUP(F22,Tabelle1!$A$2:$C$496,3,0)) | E22: =IF(K22="","",VLOOKUP(F22,Tabelle1!$A$2:$M$496,13,0)) | L22: =IF(K22="","",VLOOKUP(F22,Tabelle1!$A$2:$I$496,9,0)) | M22: =IF(K22="","",VLOOKUP(F22,Tabelle1!$A$2:$G$496,7,0)) | N22: =IF(M22>0,O22,"") | O22: =IF(K22="","",((K22*VLOOKUP(F22,Tabelle1!$A$2:$I$496,8,0))/$W$4)) | P22: =IF(K22="","",VLOOKUP(F22,Tabelle1!$A$2:$L$496,12,0))
B23: Krowa | C23: 25 | D23: =IF(K23="","",VLOOKUP(F23,Tabelle1!$A$2:$C$496,3,0)) | E23: =IF(K23="","",VLOOKUP(F23,Tabelle1!$A$2:$M$496,13,0)) | L23: =IF(K23="","",VLOOKUP(F23,Tabelle1!$A$2:$I$496,9,0)) | M23: =IF(K23="","",VLOOKUP(F23,Tabelle1!$A$2:$G$496,7,0)) | N23: =IF(M23>0,O23,"") | O23: =IF(K23="","",((K23*VLOOKUP(F23,Tabelle1!$A$2:$I$496,8,0))/$W$4)) | P23: =IF(K23="","",VLOOKUP(F23,Tabelle1!$A$2:$L$496,12,0))
B24: Krowa | C24: 26 | D24: =IF(K24="","",VLOOKUP(F24,Tabelle1!$A$2:$C$496,3,0)) | E24: =IF(K24="","",VLOOKUP(F24,Tabelle1!$A$2:$M$496,13,0)) | L24: =IF(K24="","",VLOOKUP(F24,Tabelle1!$A$2:$I$496,9,0)) | M24: =IF(K24="","",VLOOKUP(F24,Tabelle1!$A$2:$G$496,7,0)) | N24: =IF(M24>0,O24,"") | O24: =IF(K24="","",((K24*VLOOKUP(F24,Tabelle1!$A$2:$I$496,8,0))/$W$4)) | P24: =IF(K24="","",VLOOKUP(F24,Tabelle1!$A$2:$L$496,12,0))
B25: Krowa | C25: 27 | D25: =IF(K25="","",VLOOKUP(F25,Tabelle1!$A$2:$C$496,3,0)) | E25: =IF(K25="","",VLOOKUP(F25,Tabelle1!$A$2:$M$496,13,0)) | L25: =IF(K25="","",VLOOKUP(F25,Tabelle1!$A$2:$I$496,9,0)) | M25: =IF(K25="","",VLOOKUP(F25,Tabelle1!$A$2:$G$496,7,0)) | N25: =IF(M25>0,O25,"") | O25: =IF(K25="","",((K25*VLOOKUP(F25,Tabelle1!$A$2:$I$496,8,0))/$W$4)) | P25: =IF(K25="","",VLOOKUP(F25,Tabelle1!$A$2:$L$496,12,0))
B26: Krowa | C26: 28 | D26: =IF(K26="","",VLOOKUP(F26,Tabelle1!$A$2:$C$496,3,0)) | E26: =IF(K26="","",VLOOKUP(F26,Tabelle1!$A$2:$M$496,13,0)) | L26: =IF(K26="","",VLOOKUP(F26,Tabelle1!$A$2:$I$496,9,0)) | M26: =IF(K26="","",VLOOKUP(F26,Tabelle1!$A$2:$G$496,7,0)) | N26: =IF(M26>0,O26,"") | O26: =IF(K26="","",((K26*VLOOKUP(F26,Tabelle1!$A$2:$I$496,8,0))/$W$4)) | P26: =IF(K26="","",VLOOKUP(F26,Tabelle1!$A$2:$L$496,12,0))
B27: Krowa | C27: 29 | D27: =IF(K27="","",VLOOKUP(F27,Tabelle1!$A$2:$C$496,3,0)) | E27: =IF(K27="","",VLOOKUP(F27,Tabelle1!$A$2:$M$496,13,0)) | L27: =IF(K27="","",VLOOKUP(F27,Tabelle1!$A$2:$I$496,9,0)) | M27: =IF(K27="","",VLOOKUP(F27,Tabelle1!$A$2:$G$496,7,0)) | N27: =IF(M27>0,O27,"") | O27: =IF(K27="","",((K27*VLOOKUP(F27,Tabelle1!$A$2:$I$496,8,0))/$W$4)) | P27: =IF(K27="","",VLOOKUP(F27,Tabelle1!$A$2:$L$496,12,0))
B28: Krowa | C28: 30 | D28: =IF(K28="","",VLOOKUP(F28,Tabelle1!$A$2:$C$496,3,0)) | E28: =IF(K28="","",VLOOKUP(F28,Tabelle1!$A$2:$M$496,13,0)) | L28: =IF(K28="","",VLOOKUP(F28,Tabelle1!$A$2:$I$496,9,0)) | M28: =IF(K28="","",VLOOKUP(F28,Tabelle1!$A$2:$G$496,7,0)) | N28: =IF(M28>0,O28,"") | O28: =IF(K28="","",((K28*VLOOKUP(F28,Tabelle1!$A$2:$I$496,8,0))/$W$4)) | P28: =IF(K28="","",VLOOKUP(F28,Tabelle1!$A$2:$L$496,12,0))
B29: Krowa | C29: 31 | D29: =IF(K29="","",VLOOKUP(F29,Tabelle1!$A$2:$C$496,3,0)) | E29: =IF(K29="","",VLOOKUP(F29,Tabelle1!$A$2:$M$496,13,0)) | L29: =IF(K29="","",VLOOKUP(F29,Tabelle1!$A$2:$I$496,9,0)) | M29: =IF(K29="","",VLOOKUP(F29,Tabelle1!$A$2:$G$496,7,0)) | N29: =IF(M29>0,O29,"") | O29: =IF(K29="","",((K29*VLOOKUP(F29,Tabelle1!$A$2:$I$496,8,0))/$W$4)) | P29: =IF(K29="","",VLOOKUP(F29,Tabelle1!$A$2:$L$496,12,0))
B30: Krowa | C30: 32 | D30: =IF(K30="","",VLOOKUP(F30,Tabelle1!$A$2:$C$496,3,0)) | E30: =IF(K30="","",VLOOKUP(F30,Tabelle1!$A$2:$M$496,13,0)) | L30: =IF(K30="","",VLOOKUP(F30,Tabelle1!$A$2:$I$496,9,0)) | M30: =IF(K30="","",VLOOKUP(F30,Tabelle1!$A$2:$G$496,7,0)) | N30: =IF(M30>0,O30,"") | O30: =IF(K30="","",((K30*VLOOKUP(F30,Tabelle1!$A$2:$I$496,8,0))/$W$4)) | P30: =IF(K30="","",VLOOKUP(F30,Tabelle1!$A$2:$L$496,12,0))
B31: Krowa | C31: 33 | D31: =IF(K31="","",VLOOKUP(F31,Tabelle1!$A$2:$C$496,3,0)) | E31: =IF(K31="","",VLOOKUP(F31,Tabelle1!$A$2:$M$496,13,0)) | L31: =IF(K31="","",VLOOKUP(F31,Tabelle1!$A$2:$I$496,9,0)) | M31: =IF(K31="","",VLOOKUP(F31,Tabelle1!$A$2:$G$496,7,0)) | N31: =IF(M31>0,O31,"") | O31: =IF(K31="","",((K31*VLOOKUP(F31,Tabelle1!$A$2:$I$496,8,0))/$W$4)) | P31: =IF(K31="","",VLOOKUP(F31,Tabelle1!$A$2:$L$496,12,0))
B32: Krowa | C32: 34 | D32: =IF(K32="","",VLOOKUP(F32,Tabelle1!$A$2:$C$496,3,0)) | E32: =IF(K32="","",VLOOKUP(F32,Tabelle1!$A$2:$M$496,13,0)) | L32: =IF(K32="","",VLOOKUP(F32,Tabelle1!$A$2:$I$496,9,0)) | M32: =IF(K32="","",VLOOKUP(F32,Tabelle1!$A$2:$G$496,7,0)) | N32: =IF(M32>0,O32,"") | O32: =IF(K32="","",((K32*VLOOKUP(F32,Tabelle1!$A$2:$I$496,8,0))/$W$4)) | P32: =IF(K32="","",VLOOKUP(F32,Tabelle1!$A$2:$L$496,12,0))
... B41: Krowa | C41: 43 | D41: =IF(K41="","",VLOOKUP(F41,Tabelle1!$A$2:$C$496,3,0)) | E41: =IF(K41="","",VLOOKUP(F41,Tabelle1!$A$2:$M$496,13,0)) | L41: =IF(K41="","",VLOOKUP(F41,Tabelle1!$A$2:$I$496,9,0)) | M41: =IF(K41="","",VLOOKUP(F41,Tabelle1!$A$2:$G$496,7,0)) | N41: =IF(M41>0,O41,"") | O41: =IF(K41="","",((K41*VLOOKUP(F41,Tabelle1!$A$2:$I$496,8,0))/$W$4)) | P41: =IF(K41="","",VLOOKUP(F41,Tabelle1!$A$2:$L$496,12,0))
B42: Krowa | C42: 44 | D42: =IF(K42="","",VLOOKUP(F42,Tabelle1!$A$2:$C$496,3,0)) | E42: =IF(K42="","",VLOOKUP(F42,Tabelle1!$A$2:$M$496,13,0)) | L42: =IF(K42="","",VLOOKUP(F42,Tabelle1!$A$2:$I$496,9,0)) | M42: =IF(K42="","",VLOOKUP(F42,Tabelle1!$A$2:$G$496,7,0)) | N42: =IF(M42>0,O42,"") | O42: =IF(K42="","",((K42*VLOOKUP(F42,Tabelle1!$A$2:$I$496,8,0))/$W$4)) | P42: =IF(K42="","",VLOOKUP(F42,Tabelle1!$A$2:$L$496,12,0)) | R42: Waga zwierząt
B43: Krowa | C43: 45 | D43: =IF(K43="","",VLOOKUP(F43,Tabelle1!$A$2:$C$496,3,0)) | E43: =IF(K43="","",VLOOKUP(F43,Tabelle1!$A$2:$M$496,13,0)) | L43: =IF(K43="","",VLOOKUP(F43,Tabelle1!$A$2:$I$496,9,0)) | M43: =IF(K43="","",VLOOKUP(F43,Tabelle1!$A$2:$G$496,7,0)) | N43: =IF(M43>0,O43,"") | O43: =IF(K43="","",((K43*VLOOKUP(F43,Tabelle1!$A$2:$I$496,8,0))/$W$4)) | P43: =IF(K43="","",VLOOKUP(F43,Tabelle1!$A$2:$L$496,12,0))
B44: Krowa | C44: 46 | D44: =IF(K44="","",VLOOKUP(F44,Tabelle1!$A$2:$C$496,3,0)) | E44: =IF(K44="","",VLOOKUP(F44,Tabelle1!$A$2:$M$496,13,0)) | L44: =IF(K44="","",VLOOKUP(F44,Tabelle1!$A$2:$I$496,9,0)) | M44: =IF(K44="","",VLOOKUP(F44,Tabelle1!$A$2:$G$496,7,0)) | N44: =IF(M44>0,O44,"") | O44: =IF(K44="","",((K44*VLOOKUP(F44,Tabelle1!$A$2:$I$496,8,0))/$W$4)) | P44: =IF(K44="","",VLOOKUP(F44,Tabelle1!$A$2:$L$496,12,0)) | R44: Live weight unit | S44: Kilograms | U44: Total PCU
B45: Krowa | C45: 47 | D45: =IF(K45="","",VLOOKUP(F45,Tabelle1!$A$2:$C$496,3,0)) | E45: =IF(K45="","",VLOOKUP(F45,Tabelle1!$A$2:$M$496,13,0)) | L45: =IF(K45="","",VLOOKUP(F45,Tabelle1!$A$2:$I$496,9,0)) | M45: =IF(K45="","",VLOOKUP(F45,Tabelle1!$A$2:$G$496,7,0)) | N45: =IF(M45>0,O45,"") | O45: =IF(K45="","",((K45*VLOOKUP(F45,Tabelle1!$A$2:$I$496,8,0))/$W$4)) | P45: =IF(K45="","",VLOOKUP(F45,Tabelle1!$A$2:$L$496,12,0)) | S45: On-farm animals | U45: =(S47*T47)+(S48*T48)+(S49*T49)+(S50*T50)+(S51*T51)+(S52*T52) -> 0
B46: Krowa | C46: 48 | D46: =IF(K46="","",VLOOKUP(F46,Tabelle1!$A$2:$C$496,3,0)) | E46: =IF(K46="","",VLOOKUP(F46,Tabelle1!$A$2:$M$496,13,0)) | L46: =IF(K46="","",VLOOKUP(F46,Tabelle1!$A$2:$I$496,9,0)) | M46: =IF(K46="","",VLOOKUP(F46,Tabelle1!$A$2:$G$496,7,0)) | N46: =IF(M46>0,O46,"") | O46: =IF(K46="","",((K46*VLOOKUP(F46,Tabelle1!$A$2:$I$496,8,0))/$W$4)) | P46: =IF(K46="","",VLOOKUP(F46,Tabelle1!$A$2:$L$496,12,0)) | R46: Category | S46: Number | T46: Live weight
B47: Krowa | C47: 49 | D47: =IF(K47="","",VLOOKUP(F47,Tabelle1!$A$2:$C$496,3,0)) | E47: =IF(K47="","",VLOOKUP(F47,Tabelle1!$A$2:$M$496,13,0)) | L47: =IF(K47="","",VLOOKUP(F47,Tabelle1!$A$2:$I$496,9,0)) | M47: =IF(K47="","",VLOOKUP(F47,Tabelle1!$A$2:$G$496,7,0)) | N47: =IF(M47>0,O47,"") | O47: =IF(K47="","",((K47*VLOOKUP(F47,Tabelle1!$A$2:$I$496,8,0))/$W$4)) | P47: =IF(K47="","",VLOOKUP(F47,Tabelle1!$A$2:$L$496,12,0)) | R47: Dairy cows | S47: ='Karta informacyjna'!D8 -> 0 | T47: 425
B48: Krowa | C48: 50 | D48: =IF(K48="","",VLOOKUP(F48,Tabelle1!$A$2:$C$496,3,0)) | E48: =IF(K48="","",VLOOKUP(F48,Tabelle1!$A$2:$M$496,13,0)) | L48: =IF(K48="","",VLOOKUP(F48,Tabelle1!$A$2:$I$496,9,0)) | M48: =IF(K48="","",VLOOKUP(F48,Tabelle1!$A$2:$G$496,7,0)) | N48: =IF(M48>0,O48,"") | O48: =IF(K48="","",((K48*VLOOKUP(F48,Tabelle1!$A$2:$I$496,8,0))/$W$4)) | P48: =IF(K48="","",VLOOKUP(F48,Tabelle1!$A$2:$L$496,12,0)) | R48: Dry cows
B49: Krowa | C49: 51 | D49: =IF(K49="","",VLOOKUP(F49,Tabelle1!$A$2:$C$496,3,0)) | E49: =IF(K49="","",VLOOKUP(F49,Tabelle1!$A$2:$M$496,13,0)) | L49: =IF(K49="","",VLOOKUP(F49,Tabelle1!$A$2:$I$496,9,0)) | M49: =IF(K49="","",VLOOKUP(F49,Tabelle1!$A$2:$G$496,7,0)) | N49: =IF(M49>0,O49,"") | O49: =IF(K49="","",((K49*VLOOKUP(F49,Tabelle1!$A$2:$I$496,8,0))/$W$4)) | P49: =IF(K49="","",VLOOKUP(F49,Tabelle1!$A$2:$L$496,12,0)) | R49: Calves | S49: ='Karta informacyjna'!D10 -> 0 | T49: 140
B50: Krowa | C50: 52 | D50: =IF(K50="","",VLOOKUP(F50,Tabelle1!$A$2:$C$496,3,0)) | E50: =IF(K50="","",VLOOKUP(F50,Tabelle1!$A$2:$M$496,13,0)) | L50: =IF(K50="","",VLOOKUP(F50,Tabelle1!$A$2:$I$496,9,0)) | M50: =IF(K50="","",VLOOKUP(F50,Tabelle1!$A$2:$G$496,7,0)) | N50: =IF(M50>0,O50,"") | O50: =IF(K50="","",((K50*VLOOKUP(F50,Tabelle1!$A$2:$I$496,8,0))/$W$4)) | P50: =IF(K50="","",VLOOKUP(F50,Tabelle1!$A$2:$L$496,12,0)) | R50: Heifers | S50: ='Karta informacyjna'!D9 -> 0 | T50: 200
B51: Krowa | C51: 53 | D51: =IF(K51="","",VLOOKUP(F51,Tabelle1!$A$2:$C$496,3,0)) | E51: =IF(K51="","",VLOOKUP(F51,Tabelle1!$A$2:$M$496,13,0)) | L51: =IF(K51="","",VLOOKUP(F51,Tabelle1!$A$2:$I$496,9,0)) | M51: =IF(K51="","",VLOOKUP(F51,Tabelle1!$A$2:$G$496,7,0)) | N51: =IF(M51>0,O51,"") | O51: =IF(K51="","",((K51*VLOOKUP(F51,Tabelle1!$A$2:$I$496,8,0))/$W$4)) | P51: =IF(K51="","",VLOOKUP(F51,Tabelle1!$A$2:$L$496,12,0)) | R51: Steers
B52: Krowa | C52: 54 | D52: =IF(K52="","",VLOOKUP(F52,Tabelle1!$A$2:$C$496,3,0)) | E52: =IF(K52="","",VLOOKUP(F52,Tabelle1!$A$2:$M$496,13,0)) | L52: =IF(K52="","",VLOOKUP(F52,Tabelle1!$A$2:$I$496,9,0)) | M52: =IF(K52="","",VLOOKUP(F52,Tabelle1!$A$2:$G$496,7,0)) | N52: =IF(M52>0,O52,"") | O52: =IF(K52="","",((K52*VLOOKUP(F52,Tabelle1!$A$2:$I$496,8,0))/$W$4)) | P52: =IF(K52="","",VLOOKUP(F52,Tabelle1!$A$2:$L$496,12,0)) | R52: Bulls | S52: ='Karta informacyjna'!D11 -> 0 | T52: 425
B53: Krowa | C53: 55 | D53: =IF(K53="","",VLOOKUP(F53,Tabelle1!$A$2:$C$496,3,0)) | E53: =IF(K53="","",VLOOKUP(F53,Tabelle1!$A$2:$M$496,13,0)) | L53: =IF(K53="","",VLOOKUP(F53,Tabelle1!$A$2:$I$496,9,0)) | M53: =IF(K53="","",VLOOKUP(F53,Tabelle1!$A$2:$G$496,7,0)) | N53: =IF(M53>0,O53,"") | O53: =IF(K53="","",((K53*VLOOKUP(F53,Tabelle1!$A$2:$I$496,8,0))/$W$4)) | P53: =IF(K53="","",VLOOKUP(F53,Tabelle1!$A$2:$L$496,12,0))
B54: Krowa | C54: 56 | D54: =IF(K54="","",VLOOKUP(F54,Tabelle1!$A$2:$C$496,3,0)) | E54: =IF(K54="","",VLOOKUP(F54,Tabelle1!$A$2:$M$496,13,0)) | L54: =IF(K54="","",VLOOKUP(F54,Tabelle1!$A$2:$I$496,9,0)) | M54: =IF(K54="","",VLOOKUP(F54,Tabelle1!$A$2:$G$496,7,0)) | N54: =IF(M54>0,O54,"") | O54: =IF(K54="","",((K54*VLOOKUP(F54,Tabelle1!$A$2:$I$496,8,0))/$W$4)) | P54: =IF(K54="","",VLOOKUP(F54,Tabelle1!$A$2:$L$496,12,0))
B55: Krowa | C55: 57 | D55: =IF(K55="","",VLOOKUP(F55,Tabelle1!$A$2:$C$496,3,0)) | E55: =IF(K55="","",VLOOKUP(F55,Tabelle1!$A$2:$M$496,13,0)) | L55: =IF(K55="","",VLOOKUP(F55,Tabelle1!$A$2:$I$496,9,0)) | M55: =IF(K55="","",VLOOKUP(F55,Tabelle1!$A$2:$G$496,7,0)) | N55: =IF(M55>0,O55,"") | O55: =IF(K55="","",((K55*VLOOKUP(F55,Tabelle1!$A$2:$I$496,8,0))/$W$4)) | P55: =IF(K55="","",VLOOKUP(F55,Tabelle1!$A$2:$L$496,12,0))
B56: Krowa | C56: 58 | D56: =IF(K56="","",VLOOKUP(F56,Tabelle1!$A$2:$C$496,3,0)) | E56: =IF(K56="","",VLOOKUP(F56,Tabelle1!$A$2:$M$496,13,0)) | L56: =IF(K56="","",VLOOKUP(F56,Tabelle1!$A$2:$I$496,9,0)) | M56: =IF(K56="","",VLOOKUP(F56,Tabelle1!$A$2:$G$496,7,0)) | N56: =IF(M56>0,O56,"") | O56: =IF(K56="","",((K56*VLOOKUP(F56,Tabelle1!$A$2:$I$496,8,0))/$W$4)) | P56: =IF(K56="","",VLOOKUP(F56,Tabelle1!$A$2:$L$496,12,0))
B57: Krowa | C57: 59 | D57: =IF(K57="","",VLOOKUP(F57,Tabelle1!$A$2:$C$496,3,0)) | E57: =IF(K57="","",VLOOKUP(F57,Tabelle1!$A$2:$M$496,13,0)) | L57: =IF(K57="","",VLOOKUP(F57,Tabelle1!$A$2:$I$496,9,0)) | M57: =IF(K57="","",VLOOKUP(F57,Tabelle1!$A$2:$G$496,7,0)) | N57: =IF(M57>0,O57,"") | O57: =IF(K57="","",((K57*VLOOKUP(F57,Tabelle1!$A$2:$I$496,8,0))/$W$4)) | P57: =IF(K57="","",VLOOKUP(F57,Tabelle1!$A$2:$L$496,12,0))
B58: Krowa | C58: 60 | D58: =IF(K58="","",VLOOKUP(F58,Tabelle1!$A$2:$C$496,3,0)) | E58: =IF(K58="","",VLOOKUP(F58,Tabelle1!$A$2:$M$496,13,0)) | L58: =IF(K58="","",VLOOKUP(F58,Tabelle1!$A$2:$I$496,9,0)) | M58: =IF(K58="","",VLOOKUP(F58,Tabelle1!$A$2:$G$496,7,0)) | N58: =IF(M58>0,O58,"") | O58: =IF(K58="","",((K58*VLOOKUP(F58,Tabelle1!$A$2:$I$496,8,0))/$W$4)) | P58: =IF(K58="","",VLOOKUP(F58,Tabelle1!$A$2:$L$496,12,0))
B59: Krowa | C59: 61 | D59: =IF(K59="","",VLOOKUP(F59,Tabelle1!$A$2:$C$496,3,0)) | E59: =IF(K59="","",VLOOKUP(F59,Tabelle1!$A$2:$M$496,13,0)) | L59: =IF(K59="","",VLOOKUP(F59,Tabelle1!$A$2:$I$496,9,0)) | M59: =IF(K59="","",VLOOKUP(F59,Tabelle1!$A$2:$G$496,7,0)) | N59: =IF(M59>0,O59,"") | O59: =IF(K59="","",((K59*VLOOKUP(F59,Tabelle1!$A$2:$I$496,8,0))/$W$4)) | P59: =IF(K59="","",VLOOKUP(F59,Tabelle1!$A$2:$L$496,12,0))
B60: Krowa | C60: 62 | D60: =IF(K60="","",VLOOKUP(F60,Tabelle1!$A$2:$C$496,3,0)) | E60: =IF(K60="","",VLOOKUP(F60,Tabelle1!$A$2:$M$496,13,0)) | L60: =IF(K60="","",VLOOKUP(F60,Tabelle1!$A$2:$I$496,9,0)) | M60: =IF(K60="","",VLOOKUP(F60,Tabelle1!$A$2:$G$496,7,0)) | N60: =IF(M60>0,O60,"") | O60: =IF(K60="","",((K60*VLOOKUP(F60,Tabelle1!$A$2:$I$496,8,0))/$W$4)) | P60: =IF(K60="","",VLOOKUP(F60,Tabelle1!$A$2:$L$496,12,0))
B61: Krowa | C61: 63 | D61: =IF(K61="","",VLOOKUP(F61,Tabelle1!$A$2:$C$496,3,0)) | E61: =IF(K61="","",VLOOKUP(F61,Tabelle1!$A$2:$M$496,13,0)) | L61: =IF(K61="","",VLOOKUP(F61,Tabelle1!$A$2:$I$496,9,0)) | M61: =IF(K61="","",VLOOKUP(F61,Tabelle1!$A$2:$G$496,7,0)) | N61: =IF(M61>0,O61,"") | O61: =IF(K61="","",((K61*VLOOKUP(F61,Tabelle1!$A$2:$I$496,8,0))/$W$4)) | P61: =IF(K61="","",VLOOKUP(F61,Tabelle1!$A$2:$L$496,12,0))
B62: Krowa | C62: 64 | D62: =IF(K62="","",VLOOKUP(F62,Tabelle1!$A$2:$C$496,3,0)) | E62: =IF(K62="","",VLOOKUP(F62,Tabelle1!$A$2:$M$496,13,0)) | L62: =IF(K62="","",VLOOKUP(F62,Tabelle1!$A$2:$I$496,9,0)) | M62: =IF(K62="","",VLOOKUP(F62,Tabelle1!$A$2:$G$496,7,0)) | N62: =IF(M62>0,O62,"") | O62: =IF(K62="","",((K62*VLOOKUP(F62,Tabelle1!$A$2:$I$496,8,0))/$W$4)) | P62: =IF(K62="","",VLOOKUP(F62,Tabelle1!$A$2:$L$496,12,0))
B63: Krowa | C63: 65 | D63: =IF(K63="","",VLOOKUP(F63,Tabelle1!$A$2:$C$496,3,0)) | E63: =IF(K63="","",VLOOKUP(F63,Tabelle1!$A$2:$M$496,13,0)) | L63: =IF(K63="","",VLOOKUP(F63,Tabelle1!$A$2:$I$496,9,0)) | M63: =IF(K63="","",VLOOKUP(F63,Tabelle1!$A$2:$G$496,7,0)) | N63: =IF(M63>0,O63,"") | O63: =IF(K63="","",((K63*VLOOKUP(F63,Tabelle1!$A$2:$I$496,8,0))/$W$4)) | P63: =IF(K63="","",VLOOKUP(F63,Tabelle1!$A$2:$L$496,12,0))
B64: Krowa | C64: 66 | D64: =IF(K64="","",VLOOKUP(F64,Tabelle1!$A$2:$C$496,3,0)) | E64: =IF(K64="","",VLOOKUP(F64,Tabelle1!$A$2:$M$496,13,0)) | L64: =IF(K64="","",VLOOKUP(F64,Tabelle1!$A$2:$I$496,9,0)) | M64: =IF(K64="","",VLOOKUP(F64,Tabelle1!$A$2:$G$496,7,0)) | N64: =IF(M64>0,O64,"") | O64: =IF(K64="","",((K64*VLOOKUP(F64,Tabelle1!$A$2:$I$496,8,0))/$W$4)) | P64: =IF(K64="","",VLOOKUP(F64,Tabelle1!$A$2:$L$496,12,0))
... B265: Krowa | C265: 267 | D265: =IF(K265="","",VLOOKUP(F265,Tabelle1!$A$2:$C$496,3,0)) | E265: =IF(K265="","",VLOOKUP(F265,Tabelle1!$A$2:$M$496,13,0)) | L265: =IF(K265="","",VLOOKUP(F265,Tabelle1!$A$2:$I$496,9,0)) | M265: =IF(K265="","",VLOOKUP(F265,Tabelle1!$A$2:$G$496,7,0)) | N265: =IF(M265>0,O265,"") | O265: =IF(K265="","",((K265*VLOOKUP(F265,Tabelle1!$A$2:$I$496,8,0))/$W$4)) | P265: =IF(K265="","",VLOOKUP(F265,Tabelle1!$A$2:$L$496,12,0))

Sheet Zasuszanie
A1: Zasuszanie
J2: =SUM(J4:J265) -> 0 | M2: =SUM(M4:M265) -> 0 | N2: =SUM(N4:N265) -> 0 | O2: =SUM(O4:O265) -> 0
A3: Data | B3: Kategoria bydła | C3: Liczba leczonych zwierząt | D3: Sposób podania (Route) | E3: Ryzyko powstawania oporności 1-6 | F3: Antybiotyk (Product) | G3: Dawka dzienna | H3: Ilość zastrzyków (liczba podań) | I3: Rozpoznanie (Treatments) | J3: Antybiogram [0=nie; 1=tak] | K3: Liczba tubostrzykawek (przez cały okres leczenia) (Amount used) | L3: Jednostka (Unit) | M3: Krytyczny [0=nie; 1=tak (Critical) [0 = no; 1 = yes] | N3: Antybiotyki krytyczne [mg/PCU] (Critically Important) [mg/PCU] | O3: Zużycie antybiotyków [mg/PCU] (Antibiotic Use) [mg/PCU] | P3: Klasa EMA A-D | T3: Total Antibiotic Use [mg/PCU] | U3: Total Critically Important [mg/PCU] | W3: Total PCU
D4: =IF(K4="","",VLOOKUP(F4,Tabelle1!$A$2:$C$496,3,0)) | E4: =IF(K4="","",VLOOKUP(F4,Tabelle1!$A$2:$M$496,13,0)) | L4: =IF(K4="","",VLOOKUP(F4,Tabelle1!$A$2:$I$496,9,0)) | M4: =IF(K4="","",VLOOKUP(F4,Tabelle1!$A$2:$G$496,7,0)) | N4: =IF(M4>0,O4,"") | O4: =IF(K4="","",((K4*VLOOKUP(F4,Tabelle1!$A$2:$I$496,8,0))/$W$4)) | P4: =IF(K4="","",VLOOKUP(F4,Tabelle1!$A$2:$L$496,12,0)) | R4: Total mg/PCU in herd | T4: =(SUM(O4:O265)) -> 0 | U4: =SUM(N4:N265) -> 0 | W4: =U45 -> 0
D5: =IF(K5="","",VLOOKUP(F5,Tabelle1!$A$2:$C$496,3,0)) | E5: =IF(K5="","",VLOOKUP(F5,Tabelle1!$A$2:$M$496,13,0)) | L5: =IF(K5="","",VLOOKUP(F5,Tabelle1!$A$2:$I$496,9,0)) | M5: =IF(K5="","",VLOOKUP(F5,Tabelle1!$A$2:$G$496,7,0)) | N5: =IF(M5>0,O5,"") | O5: =IF(K5="","",((K5*VLOOKUP(F5,Tabelle1!$A$2:$I$496,8,0))/$W$4)) | P5: =IF(K5="","",VLOOKUP(F5,Tabelle1!$A$2:$L$496,12,0))
D6: =IF(K6="","",VLOOKUP(F6,Tabelle1!$A$2:$C$496,3,0)) | E6: =IF(K6="","",VLOOKUP(F6,Tabelle1!$A$2:$M$496,13,0)) | L6: =IF(K6="","",VLOOKUP(F6,Tabelle1!$A$2:$I$496,9,0)) | M6: =IF(K6="","",VLOOKUP(F6,Tabelle1!$A$2:$G$496,7,0)) | N6: =IF(M6>0,O6,"") | O6: =IF(K6="","",((K6*VLOOKUP(F6,Tabelle1!$A$2:$I$496,8,0))/$W$4)) | P6: =IF(K6="","",VLOOKUP(F6,Tabelle1!$A$2:$L$496,12,0))
D7: =IF(K7="","",VLOOKUP(F7,Tabelle1!$A$2:$C$496,3,0)) | E7: =IF(K7="","",VLOOKUP(F7,Tabelle1!$A$2:$M$496,13,0)) | L7: =IF(K7="","",VLOOKUP(F7,Tabelle1!$A$2:$I$496,9,0)) | M7: =IF(K7="","",VLOOKUP(F7,Tabelle1!$A$2:$G$496,7,0)) | N7: =IF(M7>0,O7,"") | O7: =IF(K7="","",((K7*VLOOKUP(F7,Tabelle1!$A$2:$I$496,8,0))/$W$4)) | P7: =IF(K7="","",VLOOKUP(F7,Tabelle1!$A$2:$L$496,12,0)) | R7: Route | T7: Antibiotic Use [mg/PCU] | U7: Critically Important [mg/PCU]
D8: =IF(K8="","",VLOOKUP(F8,Tabelle1!$A$2:$C$496,3,0)) | E8: =IF(K8="","",VLOOKUP(F8,Tabelle1!$A$2:$M$496,13,0)) | L8: =IF(K8="","",VLOOKUP(F8,Tabelle1!$A$2:$I$496,9,0)) | M8: =IF(K8="","",VLOOKUP(F8,Tabelle1!$A$2:$G$496,7,0)) | N8: =IF(M8>0,O8,"") | O8: =IF(K8="","",((K8*VLOOKUP(F8,Tabelle1!$A$2:$I$496,8,0))/$W$4)) | P8: =IF(K8="","",VLOOKUP(F8,Tabelle1!$A$2:$L$496,12,0)) | R8: Injectable | T8: =SUMIFS($O$4:$O$265,$M$4:$M$265,"0",$D$4:$D$265,R8) -> 0 | U8: =SUMIFS($O$4:$O$265,$M$4:$M$265,"1",$D$4:$D$265,R8) -> 0
D9: =IF(K9="","",VLOOKUP(F9,Tabelle1!$A$2:$C$496,3,0)) | E9: =IF(K9="","",VLOOKUP(F9,Tabelle1!$A$2:$M$496,13,0)) | L9: =IF(K9="","",VLOOKUP(F9,Tabelle1!$A$2:$I$496,9,0)) | M9: =IF(K9="","",VLOOKUP(F9,Tabelle1!$A$2:$G$496,7,0)) | N9: =IF(M9>0,O9,"") | O9: =IF(K9="","",((K9*VLOOKUP(F9,Tabelle1!$A$2:$I$496,8,0))/$W$4)) | P9: =IF(K9="","",VLOOKUP(F9,Tabelle1!$A$2:$L$496,12,0)) | R9: Lactatingtube | T9: =SUMIFS($O$4:$O$265,$M$4:$M$265,"0",$D$4:$D$265,R9) -> 0 | U9: =SUMIFS($O$4:$O$265,$M$4:$M$265,"1",$D$4:$D$265,R9) -> 0
D10: =IF(K10="","",VLOOKUP(F10,Tabelle1!$A$2:$C$496,3,0)) | E10: =IF(K10="","",VLOOKUP(F10,Tabelle1!$A$2:$M$496,13,0)) | L10: =IF(K10="","",VLOOKUP(F10,Tabelle1!$A$2:$I$496,9,0)) | M10: =IF(K10="","",VLOOKUP(F10,Tabelle1!$A$2:$G$496,7,0)) | N10: =IF(M10>0,O10,"") | O10: =IF(K10="","",((K10*VLOOKUP(F10,Tabelle1!$A$2:$I$496,8,0))/$W$4)) | P10: =IF(K10="","",VLOOKUP(F10,Tabelle1!$A$2:$L$496,12,0)) | R10: Drytube | T10: =SUMIFS($O$4:$O$265,$M$4:$M$265,"0",$D$4:$D$265,R10) -> 0 | U10: =SUMIFS($O$4:$O$265,$M$4:$M$265,"1",$D$4:$D$265,R10) -> 0 | AD10: Błąd
D11: =IF(K11="","",VLOOKUP(F11,Tabelle1!$A$2:$C$496,3,0)) | E11: =IF(K11="","",VLOOKUP(F11,Tabelle1!$A$2:$M$496,13,0)) | L11: =IF(K11="","",VLOOKUP(F11,Tabelle1!$A$2:$I$496,9,0)) | M11: =IF(K11="","",VLOOKUP(F11,Tabelle1!$A$2:$G$496,7,0)) | N11: =IF(M11>0,O11,"") | O11: =IF(K11="","",((K11*VLOOKUP(F11,Tabelle1!$A$2:$I$496,8,0))/$W$4)) | P11: =IF(K11="","",VLOOKUP(F11,Tabelle1!$A$2:$L$496,12,0)) | R11: Other (IU, Oral, Pessary, Footbath) | T11: =SUM(T13:T16) -> 0 | U11: =SUM(U13:U16) -> 0 | AD11: Tylko zużyto krytyczne
D12: =IF(K12="","",VLOOKUP(F12,Tabelle1!$A$2:$C$496,3,0)) | E12: =IF(K12="","",VLOOKUP(F12,Tabelle1!$A$2:$M$496,13,0)) | L12: =IF(K12="","",VLOOKUP(F12,Tabelle1!$A$2:$I$496,9,0)) | M12: =IF(K12="","",VLOOKUP(F12,Tabelle1!$A$2:$G$496,7,0)) | N12: =IF(M12>0,O12,"") | O12: =IF(K12="","",((K12*VLOOKUP(F12,Tabelle1!$A$2:$I$496,8,0))/$W$4)) | P12: =IF(K12="","",VLOOKUP(F12,Tabelle1!$A$2:$L$496,12,0)) | R12: Total | T12: =SUM(T8:T11) -> 0 | U12: =SUM(U8:U11) -> 0 | V12: =T12+U12 -> 0
D13: =IF(K13="","",VLOOKUP(F13,Tabelle1!$A$2:$C$496,3,0)) | E13: =IF(K13="","",VLOOKUP(F13,Tabelle1!$A$2:$M$496,13,0)) | L13: =IF(K13="","",VLOOKUP(F13,Tabelle1!$A$2:$I$496,9,0)) | M13: =IF(K13="","",VLOOKUP(F13,Tabelle1!$A$2:$G$496,7,0)) | N13: =IF(M13>0,O13,"") | O13: =IF(K13="","",((K13*VLOOKUP(F13,Tabelle1!$A$2:$I$496,8,0))/$W$4)) | P13: =IF(K13="","",VLOOKUP(F13,Tabelle1!$A$2:$L$496,12,0)) | R13: Footbath | T13: =SUMIFS($O$4:$O$265,$M$4:$M$265,"0",$D$4:$D$265,R13) -> 0 | U13: =SUMIFS($O$4:$O$265,$M$4:$M$265,"1",$D$4:$D$265,R13) -> 0
D14: =IF(K14="","",VLOOKUP(F14,Tabelle1!$A$2:$C$496,3,0)) | E14: =IF(K14="","",VLOOKUP(F14,Tabelle1!$A$2:$M$496,13,0)) | L14: =IF(K14="","",VLOOKUP(F14,Tabelle1!$A$2:$I$496,9,0)) | M14: =IF(K14="","",VLOOKUP(F14,Tabelle1!$A$2:$G$496,7,0)) | N14: =IF(M14>0,O14,"") | O14: =IF(K14="","",((K14*VLOOKUP(F14,Tabelle1!$A$2:$I$496,8,0))/$W$4)) | P14: =IF(K14="","",VLOOKUP(F14,Tabelle1!$A$2:$L$496,12,0)) | R14: IU | T14: =SUMIFS($O$4:$O$265,$M$4:$M$265,"0",$D$4:$D$265,R14) -> 0 | U14: =SUMIFS($O$4:$O$265,$M$4:$M$265,"1",$D$4:$D$265,R14) -> 0
D15: =IF(K15="","",VLOOKUP(F15,Tabelle1!$A$2:$C$496,3,0)) | E15: =IF(K15="","",VLOOKUP(F15,Tabelle1!$A$2:$M$496,13,0)) | L15: =IF(K15="","",VLOOKUP(F15,Tabelle1!$A$2:$I$496,9,0)) | M15: =IF(K15="","",VLOOKUP(F15,Tabelle1!$A$2:$G$496,7,0)) | N15: =IF(M15>0,O15,"") | O15: =IF(K15="","",((K15*VLOOKUP(F15,Tabelle1!$A$2:$I$496,8,0))/$W$4)) | P15: =IF(K15="","",VLOOKUP(F15,Tabelle1!$A$2:$L$496,12,0)) | R15: Oral | T15: =SUMIFS($O$4:$O$265,$M$4:$M$265,"0",$D$4:$D$265,R15) -> 0 | U15: =SUMIFS($O$4:$O$265,$M$4:$M$265,"1",$D$4:$D$265,R15) -> 0
D16: =IF(K16="","",VLOOKUP(F16,Tabelle1!$A$2:$C$496,3,0)) | E16: =IF(K16="","",VLOOKUP(F16,Tabelle1!$A$2:$M$496,13,0)) | L16: =IF(K16="","",VLOOKUP(F16,Tabelle1!$A$2:$I$496,9,0)) | M16: =IF(K16="","",VLOOKUP(F16,Tabelle1!$A$2:$G$496,7,0)) | N16: =IF(M16>0,O16,"") | O16: =IF(K16="","",((K16*VLOOKUP(F16,Tabelle1!$A$2:$I$496,8,0))/$W$4)) | P16: =IF(K16="","",VLOOKUP(F16,Tabelle1!$A$2:$L$496,12,0)) | R16: Pessary | T16: =SUMIFS($O$4:$O$265,$M$4:$M$265,"0",$D$4:$D$265,R16) -> 0 | U16: =SUMIFS($O$4:$O$265,$M$4:$M$265,"1",$D$4:$D$265,R16) -> 0
D17: =IF(K17="","",VLOOKUP(F17,Tabelle1!$A$2:$C$496,3,0)) | E17: =IF(K17="","",VLOOKUP(F17,Tabelle1!$A$2:$M$496,13,0)) | L17: =IF(K17="","",VLOOKUP(F17,Tabelle1!$A$2:$I$496,9,0)) | M17: =IF(K17="","",VLOOKUP(F17,Tabelle1!$A$2:$G$496,7,0)) | N17: =IF(M17>0,O17,"") | O17: =IF(K17="","",((K17*VLOOKUP(F17,Tabelle1!$A$2:$I$496,8,0))/$W$4)) | P17: =IF(K17="","",VLOOKUP(F17,Tabelle1!$A$2:$L$496,12,0))
D18: =IF(K18="","",VLOOKUP(F18,Tabelle1!$A$2:$C$496,3,0)) | E18: =IF(K18="","",VLOOKUP(F18,Tabelle1!$A$2:$M$496,13,0)) | L18: =IF(K18="","",VLOOKUP(F18,Tabelle1!$A$2:$I$496,9,0)) | M18: =IF(K18="","",VLOOKUP(F18,Tabelle1!$A$2:$G$496,7,0)) | N18: =IF(M18>0,O18,"") | O18: =IF(K18="","",((K18*VLOOKUP(F18,Tabelle1!$A$2:$I$496,8,0))/$W$4)) | P18: =IF(K18="","",VLOOKUP(F18,Tabelle1!$A$2:$L$496,12,0))
D19: =IF(K19="","",VLOOKUP(F19,Tabelle1!$A$2:$C$496,3,0)) | E19: =IF(K19="","",VLOOKUP(F19,Tabelle1!$A$2:$M$496,13,0)) | L19: =IF(K19="","",VLOOKUP(F19,Tabelle1!$A$2:$I$496,9,0)) | M19: =IF(K19="","",VLOOKUP(F19,Tabelle1!$A$2:$G$496,7,0)) | N19: =IF(M19>0,O19,"") | O19: =IF(K19="","",((K19*VLOOKUP(F19,Tabelle1!$A$2:$I$496,8,0))/$W$4)) | P19: =IF(K19="","",VLOOKUP(F19,Tabelle1!$A$2:$L$496,12,0))
D20: =IF(K20="","",VLOOKUP(F20,Tabelle1!$A$2:$C$496,3,0)) | E20: =IF(K20="","",VLOOKUP(F20,Tabelle1!$A$2:$M$496,13,0)) | L20: =IF(K20="","",VLOOKUP(F20,Tabelle1!$A$2:$I$496,9,0)) | M20: =IF(K20="","",VLOOKUP(F20,Tabelle1!$A$2:$G$496,7,0)) | N20: =IF(M20>0,O20,"") | O20: =IF(K20="","",((K20*VLOOKUP(F20,Tabelle1!$A$2:$I$496,8,0))/$W$4)) | P20: =IF(K20="","",VLOOKUP(F20,Tabelle1!$A$2:$L$496,12,0)) | Q20: =SUM(O4:O6) -> 0
D21: =IF(K21="","",VLOOKUP(F21,Tabelle1!$A$2:$C$496,3,0)) | E21: =IF(K21="","",VLOOKUP(F21,Tabelle1!$A$2:$M$496,13,0)) | L21: =IF(K21="","",VLOOKUP(F21,Tabelle1!$A$2:$I$496,9,0)) | M21: =IF(K21="","",VLOOKUP(F21,Tabelle1!$A$2:$G$496,7,0)) | N21: =IF(M21>0,O21,"") | O21: =IF(K21="","",((K21*VLOOKUP(F21,Tabelle1!$A$2:$I$496,8,0))/$W$4)) | P21: =IF(K21="","",VLOOKUP(F21,Tabelle1!$A$2:$L$496,12,0))
D22: =IF(K22="","",VLOOKUP(F22,Tabelle1!$A$2:$C$496,3,0)) | E22: =IF(K22="","",VLOOKUP(F22,Tabelle1!$A$2:$M$496,13,0)) | L22: =IF(K22="","",VLOOKUP(F22,Tabelle1!$A$2:$I$496,9,0)) | M22: =IF(K22="","",VLOOKUP(F22,Tabelle1!$A$2:$G$496,7,0)) | N22: =IF(M22>0,O22,"") | O22: =IF(K22="","",((K22*VLOOKUP(F22,Tabelle1!$A$2:$I$496,8,0))/$W$4)) | P22: =IF(K22="","",VLOOKUP(F22,Tabelle1!$A$2:$L$496,12,0))
D23: =IF(K23="","",VLOOKUP(F23,Tabelle1!$A$2:$C$496,3,0)) | E23: =IF(K23="","",VLOOKUP(F23,Tabelle1!$A$2:$M$496,13,0)) | L23: =IF(K23="","",VLOOKUP(F23,Tabelle1!$A$2:$I$496,9,0)) | M23: =IF(K23="","",VLOOKUP(F23,Tabelle1!$A$2:$G$496,7,0)) | N23: =IF(M23>0,O23,"") | O23: =IF(K23="","",((K23*VLOOKUP(F23,Tabelle1!$A$2:$I$496,8,0))/$W$4)) | P23: =IF(K23="","",VLOOKUP(F23,Tabelle1!$A$2:$L$496,12,0))
D24: =IF(K24="","",VLOOKUP(F24,Tabelle1!$A$2:$C$496,3,0)) | E24: =IF(K24="","",VLOOKUP(F24,Tabelle1!$A$2:$M$496,13,0)) | L24: =IF(K24="","",VLOOKUP(F24,Tabelle1!$A$2:$I$496,9,0)) | M24: =IF(K24="","",VLOOKUP(F24,Tabelle1!$A$2:$G$496,7,0)) | N24: =IF(M24>0,O24,"") | O24: =IF(K24="","",((K24*VLOOKUP(F24,Tabelle1!$A$2:$I$496,8,0))/$W$4)) | P24: =IF(K24="","",VLOOKUP(F24,Tabelle1!$A$2:$L$496,12,0))
D25: =IF(K25="","",VLOOKUP(F25,Tabelle1!$A$2:$C$496,3,0)) | E25: =IF(K25="","",VLOOKUP(F25,Tabelle1!$A$2:$M$496,13,0)) | L25: =IF(K25="","",VLOOKUP(F25,Tabelle1!$A$2:$I$496,9,0)) | M25: =IF(K25="","",VLOOKUP(F25,Tabelle1!$A$2:$G$496,7,0)) | N25: =IF(M25>0,O25,"") | O25: =IF(K25="","",((K25*VLOOKUP(F25,Tabelle1!$A$2:$I$496,8,0))/$W$4)) | P25: =IF(K25="","",VLOOKUP(F25,Tabelle1!$A$2:$L$496,12,0))
D26: =IF(K26="","",VLOOKUP(F26,Tabelle1!$A$2:$C$496,3,0)) | E26: =IF(K26="","",VLOOKUP(F26,Tabelle1!$A$2:$M$496,13,0)) | L26: =IF(K26="","",VLOOKUP(F26,Tabelle1!$A$2:$I$496,9,0)) | M26: =IF(K26="","",VLOOKUP(F26,Tabelle1!$A$2:$G$496,7,0)) | N26: =IF(M26>0,O26,"") | O26: =IF(K26="","",((K26*VLOOKUP(F26,Tabelle1!$A$2:$I$496,8,0))/$W$4)) | P26: =IF(K26="","",VLOOKUP(F26,Tabelle1!$A$2:$L$496,12,0))
D27: =IF(K27="","",VLOOKUP(F27,Tabelle1!$A$2:$C$496,3,0)) | E27: =IF(K27="","",VLOOKUP(F27,Tabelle1!$A$2:$M$496,13,0)) | L27: =IF(K27="","",VLOOKUP(F27,Tabelle1!$A$2:$I$496,9,0)) | M27: =IF(K27="","",VLOOKUP(F27,Tabelle1!$A$2:$G$496,7,0)) | N27: =IF(M27>0,O27,"") | O27: =IF(K27="","",((K27*VLOOKUP(F27,Tabelle1!$A$2:$I$496,8,0))/$W$4)) | P27: =IF(K27="","",VLOOKUP(F27,Tabelle1!$A$2:$L$496,12,0))
D28: =IF(K28="","",VLOOKUP(F28,Tabelle1!$A$2:$C$496,3,0)) | E28: =IF(K28="","",VLOOKUP(F28,Tabelle1!$A$2:$M$496,13,0)) | L28: =IF(K28="","",VLOOKUP(F28,Tabelle1!$A$2:$I$496,9,0)) | M28: =IF(K28="","",VLOOKUP(F28,Tabelle1!$A$2:$G$496,7,0)) | N28: =IF(M28>0,O28,"") | O28: =IF(K28="","",((K28*VLOOKUP(F28,Tabelle1!$A$2:$I$496,8,0))/$W$4)) | P28: =IF(K28="","",VLOOKUP(F28,Tabelle1!$A$2:$L$496,12,0))
D29: =IF(K29="","",VLOOKUP(F29,Tabelle1!$A$2:$C$496,3,0)) | E29: =IF(K29="","",VLOOKUP(F29,Tabelle1!$A$2:$M$496,13,0)) | L29: =IF(K29="","",VLOOKUP(F29,Tabelle1!$A$2:$I$496,9,0)) | M29: =IF(K29="","",VLOOKUP(F29,Tabelle1!$A$2:$G$496,7,0)) | N29: =IF(M29>0,O29,"") | O29: =IF(K29="","",((K29*VLOOKUP(F29,Tabelle1!$A$2:$I$496,8,0))/$W$4)) | P29: =IF(K29="","",VLOOKUP(F29,Tabelle1!$A$2:$L$496,12,0))
D30: =IF(K30="","",VLOOKUP(F30,Tabelle1!$A$2:$C$496,3,0)) | E30: =IF(K30="","",VLOOKUP(F30,Tabelle1!$A$2:$M$496,13,0)) | L30: =IF(K30="","",VLOOKUP(F30,Tabelle1!$A$2:$I$496,9,0)) | M30: =IF(K30="","",VLOOKUP(F30,Tabelle1!$A$2:$G$496,7,0)) | N30: =IF(M30>0,O30,"") | O30: =IF(K30="","",((K30*VLOOKUP(F30,Tabelle1!$A$2:$I$496,8,0))/$W$4)) | P30: =IF(K30="","",VLOOKUP(F30,Tabelle1!$A$2:$L$496,12,0))
D31: =IF(K31="","",VLOOKUP(F31,Tabelle1!$A$2:$C$496,3,0)) | E31: =IF(K31="","",VLOOKUP(F31,Tabelle1!$A$2:$M$496,13,0)) | L31: =IF(K31="","",VLOOKUP(F31,Tabelle1!$A$2:$I$496,9,0)) | M31: =IF(K31="","",VLOOKUP(F31,Tabelle1!$A$2:$G$496,7,0)) | N31: =IF(M31>0,O31,"") | O31: =IF(K31="","",((K31*VLOOKUP(F31,Tabelle1!$A$2:$I$496,8,0))/$W$4)) | P31: =IF(K31="","",VLOOKUP(F31,Tabelle1!$A$2:$L$496,12,0))
D32: =IF(K32="","",VLOOKUP(F32,Tabelle1!$A$2:$C$496,3,0)) | E32: =IF(K32="","",VLOOKUP(F32,Tabelle1!$A$2:$M$496,13,0)) | L32: =IF(K32="","",VLOOKUP(F32,Tabelle1!$A$2:$I$496,9,0)) | M32: =IF(K32="","",VLOOKUP(F32,Tabelle1!$A$2:$G$496,7,0)) | N32: =IF(M32>0,O32,"") | O32: =IF(K32="","",((K32*VLOOKUP(F32,Tabelle1!$A$2:$I$496,8,0))/$W$4)) | P32: =IF(K32="","",VLOOKUP(F32,Tabelle1!$A$2:$L$496,12,0))
... D41: =IF(K41="","",VLOOKUP(F41,Tabelle1!$A$2:$C$496,3,0)) | E41: =IF(K41="","",VLOOKUP(F41,Tabelle1!$A$2:$M$496,13,0)) | L41: =IF(K41="","",VLOOKUP(F41,Tabelle1!$A$2:$I$496,9,0)) | M41: =IF(K41="","",VLOOKUP(F41,Tabelle1!$A$2:$G$496,7,0)) | N41: =IF(M41>0,O41,"") | O41: =IF(K41="","",((K41*VLOOKUP(F41,Tabelle1!$A$2:$I$496,8,0))/$W$4)) | P41: =IF(K41="","",VLOOKUP(F41,Tabelle1!$A$2:$L$496,12,0))
D42: =IF(K42="","",VLOOKUP(F42,Tabelle1!$A$2:$C$496,3,0)) | E42: =IF(K42="","",VLOOKUP(F42,Tabelle1!$A$2:$M$496,13,0)) | L42: =IF(K42="","",VLOOKUP(F42,Tabelle1!$A$2:$I$496,9,0)) | M42: =IF(K42="","",VLOOKUP(F42,Tabelle1!$A$2:$G$496,7,0)) | N42: =IF(M42>0,O42,"") | O42: =IF(K42="","",((K42*VLOOKUP(F42,Tabelle1!$A$2:$I$496,8,0))/$W$4)) | P42: =IF(K42="","",VLOOKUP(F42,Tabelle1!$A$2:$L$496,12,0)) | R42: Waga zwierząt
D43: =IF(K43="","",VLOOKUP(F43,Tabelle1!$A$2:$C$496,3,0)) | E43: =IF(K43="","",VLOOKUP(F43,Tabelle1!$A$2:$M$496,13,0)) | L43: =IF(K43="","",VLOOKUP(F43,Tabelle1!$A$2:$I$496,9,0)) | M43: =IF(K43="","",VLOOKUP(F43,Tabelle1!$A$2:$G$496,7,0)) | N43: =IF(M43>0,O43,"") | O43: =IF(K43="","",((K43*VLOOKUP(F43,Tabelle1!$A$2:$I$496,8,0))/$W$4)) | P43: =IF(K43="","",VLOOKUP(F43,Tabelle1!$A$2:$L$496,12,0))
D44: =IF(K44="","",VLOOKUP(F44,Tabelle1!$A$2:$C$496,3,0)) | E44: =IF(K44="","",VLOOKUP(F44,Tabelle1!$A$2:$M$496,13,0)) | L44: =IF(K44="","",VLOOKUP(F44,Tabelle1!$A$2:$I$496,9,0)) | M44: =IF(K44="","",VLOOKUP(F44,Tabelle1!$A$2:$G$496,7,0)) | N44: =IF(M44>0,O44,"") | O44: =IF(K44="","",((K44*VLOOKUP(F44,Tabelle1!$A$2:$I$496,8,0))/$W$4)) | P44: =IF(K44="","",VLOOKUP(F44,Tabelle1!$A$2:$L$496,12,0)) | R44: Live weight unit | S44: Kilograms | U44: Total PCU
D45: =IF(K45="","",VLOOKUP(F45,Tabelle1!$A$2:$C$496,3,0)) | E45: =IF(K45="","",VLOOKUP(F45,Tabelle1!$A$2:$M$496,13,0)) | L45: =IF(K45="","",VLOOKUP(F45,Tabelle1!$A$2:$I$496,9,0)) | M45: =IF(K45="","",VLOOKUP(F45,Tabelle1!$A$2:$G$496,7,0)) | N45: =IF(M45>0,O45,"") | O45: =IF(K45="","",((K45*VLOOKUP(F45,Tabelle1!$A$2:$I$496,8,0))/$W$4)) | P45: =IF(K45="","",VLOOKUP(F45,Tabelle1!$A$2:$L$496,12,0)) | S45: On-farm animals | U45: =(S47*T47)+(S48*T48)+(S49*T49)+(S50*T50)+(S51*T51)+(S52*T52) -> 0
D46: =IF(K46="","",VLOOKUP(F46,Tabelle1!$A$2:$C$496,3,0)) | E46: =IF(K46="","",VLOOKUP(F46,Tabelle1!$A$2:$M$496,13,0)) | L46: =IF(K46="","",VLOOKUP(F46,Tabelle1!$A$2:$I$496,9,0)) | M46: =IF(K46="","",VLOOKUP(F46,Tabelle1!$A$2:$G$496,7,0)) | N46: =IF(M46>0,O46,"") | O46: =IF(K46="","",((K46*VLOOKUP(F46,Tabelle1!$A$2:$I$496,8,0))/$W$4)) | P46: =IF(K46="","",VLOOKUP(F46,Tabelle1!$A$2:$L$496,12,0)) | R46: Category | S46: Number | T46: Live weight
D47: =IF(K47="","",VLOOKUP(F47,Tabelle1!$A$2:$C$496,3,0)) | E47: =IF(K47="","",VLOOKUP(F47,Tabelle1!$A$2:$M$496,13,0)) | L47: =IF(K47="","",VLOOKUP(F47,Tabelle1!$A$2:$I$496,9,0)) | M47: =IF(K47="","",VLOOKUP(F47,Tabelle1!$A$2:$G$496,7,0)) | N47: =IF(M47>0,O47,"") | O47: =IF(K47="","",((K47*VLOOKUP(F47,Tabelle1!$A$2:$I$496,8,0))/$W$4)) | P47: =IF(K47="","",VLOOKUP(F47,Tabelle1!$A$2:$L$496,12,0)) | R47: Dairy cows | S47: ='Karta informacyjna'!D8 -> 0 | T47: 425
D48: =IF(K48="","",VLOOKUP(F48,Tabelle1!$A$2:$C$496,3,0)) | E48: =IF(K48="","",VLOOKUP(F48,Tabelle1!$A$2:$M$496,13,0)) | L48: =IF(K48="","",VLOOKUP(F48,Tabelle1!$A$2:$I$496,9,0)) | M48: =IF(K48="","",VLOOKUP(F48,Tabelle1!$A$2:$G$496,7,0)) | N48: =IF(M48>0,O48,"") | O48: =IF(K48="","",((K48*VLOOKUP(F48,Tabelle1!$A$2:$I$496,8,0))/$W$4)) | P48: =IF(K48="","",VLOOKUP(F48,Tabelle1!$A$2:$L$496,12,0)) | R48: Dry cows
D49: =IF(K49="","",VLOOKUP(F49,Tabelle1!$A$2:$C$496,3,0)) | E49: =IF(K49="","",VLOOKUP(F49,Tabelle1!$A$2:$M$496,13,0)) | L49: =IF(K49="","",VLOOKUP(F49,Tabelle1!$A$2:$I$496,9,0)) | M49: =IF(K49="","",VLOOKUP(F49,Tabelle1!$A$2:$G$496,7,0)) | N49: =IF(M49>0,O49,"") | O49: =IF(K49="","",((K49*VLOOKUP(F49,Tabelle1!$A$2:$I$496,8,0))/$W$4)) | P49: =IF(K49="","",VLOOKUP(F49,Tabelle1!$A$2:$L$496,12,0)) | R49: Calves | S49: ='Karta informacyjna'!D10 -> 0 | T49: 140
D50: =IF(K50="","",VLOOKUP(F50,Tabelle1!$A$2:$C$496,3,0)) | E50: =IF(K50="","",VLOOKUP(F50,Tabelle1!$A$2:$M$496,13,0)) | L50: =IF(K50="","",VLOOKUP(F50,Tabelle1!$A$2:$I$496,9,0)) | M50: =IF(K50="","",VLOOKUP(F50,Tabelle1!$A$2:$G$496,7,0)) | N50: =IF(M50>0,O50,"") | O50: =IF(K50="","",((K50*VLOOKUP(F50,Tabelle1!$A$2:$I$496,8,0))/$W$4)) | P50: =IF(K50="","",VLOOKUP(F50,Tabelle1!$A$2:$L$496,12,0)) | R50: Heifers | S50: ='Karta informacyjna'!D9 -> 0 | T50: 200
D51: =IF(K51="","",VLOOKUP(F51,Tabelle1!$A$2:$C$496,3,0)) | E51: =IF(K51="","",VLOOKUP(F51,Tabelle1!$A$2:$M$496,13,0)) | L51: =IF(K51="","",VLOOKUP(F51,Tabelle1!$A$2:$I$496,9,0)) | M51: =IF(K51="","",VLOOKUP(F51,Tabelle1!$A$2:$G$496,7,0)) | N51: =IF(M51>0,O51,"") | O51: =IF(K51="","",((K51*VLOOKUP(F51,Tabelle1!$A$2:$I$496,8,0))/$W$4)) | P51: =IF(K51="","",VLOOKUP(F51,Tabelle1!$A$2:$L$496,12,0)) | R51: Steers
D52: =IF(K52="","",VLOOKUP(F52,Tabelle1!$A$2:$C$496,3,0)) | E52: =IF(K52="","",VLOOKUP(F52,Tabelle1!$A$2:$M$496,13,0)) | L52: =IF(K52="","",VLOOKUP(F52,Tabelle1!$A$2:$I$496,9,0)) | M52: =IF(K52="","",VLOOKUP(F52,Tabelle1!$A$2:$G$496,7,0)) | N52: =IF(M52>0,O52,"") | O52: =IF(K52="","",((K52*VLOOKUP(F52,Tabelle1!$A$2:$I$496,8,0))/$W$4)) | P52: =IF(K52="","",VLOOKUP(F52,Tabelle1!$A$2:$L$496,12,0)) | R52: Bulls | S52: ='Karta informacyjna'!D11 -> 0 | T52: 425
D53: =IF(K53="","",VLOOKUP(F53,Tabelle1!$A$2:$C$496,3,0)) | E53: =IF(K53="","",VLOOKUP(F53,Tabelle1!$A$2:$M$496,13,0)) | L53: =IF(K53="","",VLOOKUP(F53,Tabelle1!$A$2:$I$496,9,0)) | M53: =IF(K53="","",VLOOKUP(F53,Tabelle1!$A$2:$G$496,7,0)) | N53: =IF(M53>0,O53,"") | O53: =IF(K53="","",((K53*VLOOKUP(F53,Tabelle1!$A$2:$I$496,8,0))/$W$4)) | P53: =IF(K53="","",VLOOKUP(F53,Tabelle1!$A$2:$L$496,12,0))
D54: =IF(K54="","",VLOOKUP(F54,Tabelle1!$A$2:$C$496,3,0)) | E54: =IF(K54="","",VLOOKUP(F54,Tabelle1!$A$2:$M$496,13,0)) | L54: =IF(K54="","",VLOOKUP(F54,Tabelle1!$A$2:$I$496,9,0)) | M54: =IF(K54="","",VLOOKUP(F54,Tabelle1!$A$2:$G$496,7,0)) | N54: =IF(M54>0,O54,"") | O54: =IF(K54="","",((K54*VLOOKUP(F54,Tabelle1!$A$2:$I$496,8,0))/$W$4)) | P54: =IF(K54="","",VLOOKUP(F54,Tabelle1!$A$2:$L$496,12,0))
D55: =IF(K55="","",VLOOKUP(F55,Tabelle1!$A$2:$C$496,3,0)) | E55: =IF(K55="","",VLOOKUP(F55,Tabelle1!$A$2:$M$496,13,0)) | L55: =IF(K55="","",VLOOKUP(F55,Tabelle1!$A$2:$I$496,9,0)) | M55: =IF(K55="","",VLOOKUP(F55,Tabelle1!$A$2:$G$496,7,0)) | N55: =IF(M55>0,O55,"") | O55: =IF(K55="","",((K55*VLOOKUP(F55,Tabelle1!$A$2:$I$496,8,0))/$W$4)) | P55: =IF(K55="","",VLOOKUP(F55,Tabelle1!$A$2:$L$496,12,0))
D56: =IF(K56="","",VLOOKUP(F56,Tabelle1!$A$2:$C$496,3,0)) | E56: =IF(K56="","",VLOOKUP(F56,Tabelle1!$A$2:$M$496,13,0)) | L56: =IF(K56="","",VLOOKUP(F56,Tabelle1!$A$2:$I$496,9,0)) | M56: =IF(K56="","",VLOOKUP(F56,Tabelle1!$A$2:$G$496,7,0)) | N56: =IF(M56>0,O56,"") | O56: =IF(K56="","",((K56*VLOOKUP(F56,Tabelle1!$A$2:$I$496,8,0))/$W$4)) | P56: =IF(K56="","",VLOOKUP(F56,Tabelle1!$A$2:$L$496,12,0))
D57: =IF(K57="","",VLOOKUP(F57,Tabelle1!$A$2:$C$496,3,0)) | E57: =IF(K57="","",VLOOKUP(F57,Tabelle1!$A$2:$M$496,13,0)) | L57: =IF(K57="","",VLOOKUP(F57,Tabelle1!$A$2:$I$496,9,0)) | M57: =IF(K57="","",VLOOKUP(F57,Tabelle1!$A$2:$G$496,7,0)) | N57: =IF(M57>0,O57,"") | O57: =IF(K57="","",((K57*VLOOKUP(F57,Tabelle1!$A$2:$I$496,8,0))/$W$4)) | P57: =IF(K57="","",VLOOKUP(F57,Tabelle1!$A$2:$L$496,12,0))
D58: =IF(K58="","",VLOOKUP(F58,Tabelle1!$A$2:$C$496,3,0)) | E58: =IF(K58="","",VLOOKUP(F58,Tabelle1!$A$2:$M$496,13,0)) | L58: =IF(K58="","",VLOOKUP(F58,Tabelle1!$A$2:$I$496,9,0)) | M58: =IF(K58="","",VLOOKUP(F58,Tabelle1!$A$2:$G$496,7,0)) | N58: =IF(M58>0,O58,"") | O58: =IF(K58="","",((K58*VLOOKUP(F58,Tabelle1!$A$2:$I$496,8,0))/$W$4)) | P58: =IF(K58="","",VLOOKUP(F58,Tabelle1!$A$2:$L$496,12,0))
D59: =IF(K59="","",VLOOKUP(F59,Tabelle1!$A$2:$C$496,3,0)) | E59: =IF(K59="","",VLOOKUP(F59,Tabelle1!$A$2:$M$496,13,0)) | L59: =IF(K59="","",VLOOKUP(F59,Tabelle1!$A$2:$I$496,9,0)) | M59: =IF(K59="","",VLOOKUP(F59,Tabelle1!$A$2:$G$496,7,0)) | N59: =IF(M59>0,O59,"") | O59: =IF(K59="","",((K59*VLOOKUP(F59,Tabelle1!$A$2:$I$496,8,0))/$W$4)) | P59: =IF(K59="","",VLOOKUP(F59,Tabelle1!$A$2:$L$496,12,0))
D60: =IF(K60="","",VLOOKUP(F60,Tabelle1!$A$2:$C$496,3,0)) | E60: =IF(K60="","",VLOOKUP(F60,Tabelle1!$A$2:$M$496,13,0)) | L60: =IF(K60="","",VLOOKUP(F60,Tabelle1!$A$2:$I$496,9,0)) | M60: =IF(K60="","",VLOOKUP(F60,Tabelle1!$A$2:$G$496,7,0)) | N60: =IF(M60>0,O60,"") | O60: =IF(K60="","",((K60*VLOOKUP(F60,Tabelle1!$A$2:$I$496,8,0))/$W$4)) | P60: =IF(K60="","",VLOOKUP(F60,Tabelle1!$A$2:$L$496,12,0))
D61: =IF(K61="","",VLOOKUP(F61,Tabelle1!$A$2:$C$496,3,0)) | E61: =IF(K61="","",VLOOKUP(F61,Tabelle1!$A$2:$M$496,13,0)) | L61: =IF(K61="","",VLOOKUP(F61,Tabelle1!$A$2:$I$496,9,0)) | M61: =IF(K61="","",VLOOKUP(F61,Tabelle1!$A$2:$G$496,7,0)) | N61: =IF(M61>0,O61,"") | O61: =IF(K61="","",((K61*VLOOKUP(F61,Tabelle1!$A$2:$I$496,8,0))/$W$4)) | P61: =IF(K61="","",VLOOKUP(F61,Tabelle1!$A$2:$L$496,12,0))
D62: =IF(K62="","",VLOOKUP(F62,Tabelle1!$A$2:$C$496,3,0)) | E62: =IF(K62="","",VLOOKUP(F62,Tabelle1!$A$2:$M$496,13,0)) | L62: =IF(K62="","",VLOOKUP(F62,Tabelle1!$A$2:$I$496,9,0)) | M62: =IF(K62="","",VLOOKUP(F62,Tabelle1!$A$2:$G$496,7,0)) | N62: =IF(M62>0,O62,"") | O62: =IF(K62="","",((K62*VLOOKUP(F62,Tabelle1!$A$2:$I$496,8,0))/$W$4)) | P62: =IF(K62="","",VLOOKUP(F62,Tabelle1!$A$2:$L$496,12,0))
D63: =IF(K63="","",VLOOKUP(F63,Tabelle1!$A$2:$C$496,3,0)) | E63: =IF(K63="","",VLOOKUP(F63,Tabelle1!$A$2:$M$496,13,0)) | L63: =IF(K63="","",VLOOKUP(F63,Tabelle1!$A$2:$I$496,9,0)) | M63: =IF(K63="","",VLOOKUP(F63,Tabelle1!$A$2:$G$496,7,0)) | N63: =IF(M63>0,O63,"") | O63: =IF(K63="","",((K63*VLOOKUP(F63,Tabelle1!$A$2:$I$496,8,0))/$W$4)) | P63: =IF(K63="","",VLOOKUP(F63,Tabelle1!$A$2:$L$496,12,0))
D64: =IF(K64="","",VLOOKUP(F64,Tabelle1!$A$2:$C$496,3,0)) | E64: =IF(K64="","",VLOOKUP(F64,Tabelle1!$A$2:$M$496,13,0)) | L64: =IF(K64="","",VLOOKUP(F64,Tabelle1!$A$2:$I$496,9,0)) | M64: =IF(K64="","",VLOOKUP(F64,Tabelle1!$A$2:$G$496,7,0)) | N64: =IF(M64>0,O64,"") | O64: =IF(K64="","",((K64*VLOOKUP(F64,Tabelle1!$A$2:$I$496,8,0))/$W$4)) | P64: =IF(K64="","",VLOOKUP(F64,Tabelle1!$A$2:$L$496,12,0))
... D265: =IF(K265="","",VLOOKUP(F265,Tabelle1!$A$2:$C$496,3,0)) | E265: =IF(K265="","",VLOOKUP(F265,Tabelle1!$A$2:$M$496,13,0)) | L265: =IF(K265="","",VLOOKUP(F265,Tabelle1!$A$2:$I$496,9,0)) | M265: =IF(K265="","",VLOOKUP(F265,Tabelle1!$A$2:$G$496,7,0)) | N265: =IF(M265>0,O265,"") | O265: =IF(K265="","",((K265*VLOOKUP(F265,Tabelle1!$A$2:$I$496,8,0))/$W$4)) | P265: =IF(K265="","",VLOOKUP(F265,Tabelle1!$A$2:$L$496,12,0))

Sheet Podsumowanie
B1: Zużycie razem (mg/PCU) | C1: Zużucie krytycznych (mg/PCU) | D1: Krytyczne (szt.) | E1: Krytyczne (%)
A2: Leczenie ogólne | B2: ='Leczenie ogólne'!T4 -> 0 | C2: ='Leczenie ogólne'!U4 -> 0 | D2: ='Leczenie ogólne'!M2 -> 0
A3: Mastitis | B3: =Mastitis!T4 -> 0 | C3: =Mastitis!U4 -> 0 | D3: =Mastitis!M2 -> 0
A4: Zasuszanie | B4: =Zasuszanie!T4 -> 0 | C4: =Zasuszanie!U4 -> 0 | D4: =Zasuszanie!M2 -> 0
A5: Razem | B5: =SUM(B2:B4) -> 0 | C5: =SUM(C2:C4) -> 0 | D5: =SUM(D2:D4) -> 0

Sheet Tabelle1
A1: Drug / Medikament | B1: Active | C1: Route / Verabreichungsweg | D1: Dose mg/kg (or mg/tube) | E1: Treatments (days/Tubes) | F1: Dose per Tx [=D] | G1: Critical [0 = no; 1 = yes] | H1: mg/unit | I1: Units | J1: DDD | K1: DCD | L1: Klasa EMA | M1: Kategorie ryzyka | S1: Route / Verabreichungsweg | V1: Einheit | W1: DDD | X1: DCD | AA1: Units | AC1: Weight (Kg) | AF1: Droga Podawania
A2: Advocin 180 mg/ml Solution for Injection for Cattle | B2: Danofloxacin Mesylate | C2: Injectable | D2: 6 | E2: 4 | F2: =D2*$AC$2 -> 2550 | G2: 1 | H2: 180 | I2: ml | J2: 1.9 | K2: 5.1 | L2: D | S2: Zastrzyk/ iniekcja | T2: Injizierbar | U2: Injizierbar | V2: ml | W2: ? | X2: ? | AA2: ml | AC2: 425 | AD2: Dairy cow | AF2: 1 | AG2: Indywidualne leczenie miejscowe (np. podanie dowymieniowe, krople do oczu lub uszu)
A3: Advocin 2.5% Solution for Injection | B3: Danofloxacin Mesylate | C3: Injectable | D3: 1.25 | E3: 3 | F3: =D3*$AC$2 -> 531.25 | G3: 1 | H3: 25 | I3: ml | J3: 1.9 | K3: 5.1 | L3: B | S3: Tubostrzykawka | T3: Intrammamärer Tuben bei der Laktation | U3: IMM | V3: Tubes | W3: 1 | X3: 3 | AA3: grams | AC3: 425 | AD3: Slaughtered Cow | AF3: 2 | AG3: Indywidualne leczenie pozajelitowe (dożylnie, domięśniowo, podskórnie)
A4: Alamycin 100mg/ml Solution for Injection | B4: v | C4: Injectable | D4: 4 | E4: 3 | F4: =D4*$AC$2 -> 1700 | G4: 0 | H4: 100 | I4: ml | J4: 6.5 | K4: 23 | S4: Kąpiel racic | T4: Intrammamärer Tuben für trockene Kühe | U4: DCT | V4: Tubes | X4: 4 | AA4: Tubes | AC4: 200 | AD4: Slaughtered Heifer | AF4: 3 | AG4: Indywidualne leczenie doustne (tabletki, bolus doustny)
A5: Alamycin LA 200mg/ml Solution for Injection | B5: Oxytetracycline | C5: Injectable | D5: 20 | E5: 1 | F5: =D5*$AC$2 -> 8500 | G5: 0 | H5: 200 | I5: ml | J5: 6.5 | K5: 23 | S5: Domacicznie | T5: Fußbad | U5: Fußbad | V5: grams | W5: =mg/unit | X5: =mg/unit | AA5: Units | AC5: 425 | AD5: Slaughtered Bullocks and Bulls | AF5: 4 | AG5: Pozajelitowe stosowanie antybiotyków w stadach (metafilaksja), tylko jeśli jest odpowiednio uzasadnione
A6: Alamycin LA 300 Solution for Injection 300mg/ml | B6: Oxytetracycline | C6: Injectable | D6: 20 | E6: 1 | F6: =D6*$AC$2 -> 8500 | G6: 0 | H6: 300 | I6: ml | J6: 6.5 | K6: 23 | S6: Doustnie | T6: Sonstiges | U6: Orale Produkte & Intrauterine Lösungen | AC6: 140 | AD6: Slaughtered Calves and Young Cattle | AF6: 5 | AG6: Doustne stosowanie antybiotyków w stadach wodzie do picia / z preparatem mlekozastępczym (metafilaksja), tylko jeśli są odpowiednio uzasadnione przypadki
A7: Amfipen LA 100 mg/ml suspension for injection | B7: Ampicillin | C7: Injectable | D7: 15 | E7: 2 | F7: =D7*$AC$2 -> 6375 | G7: 0 | H7: 100 | I7: ml | J7: 8.3 | K7: 29 | S7: Inny | V7: Units | W7: 1 | X7: 2 | AF7: 6 | AG7: Doustne stosowane antybiotyków w stadach w postaci paszy lub premiksów (metafilaksja), tylko w owiednio uzasadnionym przypadku
A8: Amoxan 70 | B8: Amoxicillin | C8: Oral | D8: 21 | E8: 5 | F8: =D8*$AC$6 -> 2940 | G8: 0 | H8: 70 | I8: grams | M8: https://www.vetpharm.uzh.ch/tak/05000000/00052148.01 | V8: ml or mg | W8: ? | X8: ?
A9: Amoxypen Injection 150 mg/ml Suspension for injection | B9: Amoxicillin Trihydrate | C9: Injectable | D9: 7 | E9: 5 | F9: =D9*$AC$2 -> 2975 | G9: 0 | H9: 150 | I9: ml | J9: 8.3 | K9: 29 | V9: Units | W9: ? | X9: ?
A10: Amoxypen LA 150 mg/ml Suspension for injection | B10: Amoxicillin Trihydrate | C10: Injectable | D10: 15 | E10: 2 | F10: =D10*$AC$2 -> 6375 | G10: 0 | H10: 150 | I10: ml | J10: 8.3 | K10: 29
A11: Apotil 300 mg/ml Solution for Injection | B11: Tilmicosin | C11: Injectable | D11: 10 | E11: 1 | F11: =D11*$AC$2 -> 4250 | G11: 0 | H11: 300 | I11: ml | J11: 4 | K11: 9.8
A12: Apralan Soluble Powder for Oral Solution | B12: Apramycin Sulfate | C12: Oral | D12: 40 | E12: 5 | F12: 5600 | G12: 0 | H12: 1000 | I12: grams | J12: 30 | K12: 150
A13: Baycox Multi 50 mg/ml Suspension | B13: Toltrazuril | C13: Oral | D13: 50 | E13: 1 | F13: =D13 -> 50 | G13: 0 | H13: =F13 -> 50 | I13: ml
A14: Bayofly - No Antibiotic | M14: https://tiergesundheit.bayer.de/omr/online/2786.pdf
A15: Baytril 100 mg/ml | B15: Enrofloxacin | C15: Injectable | D15: 5 | E15: 5 | F15: =D15*$AC$2 -> 2125 | G15: 1 | H15: 100 | I15: ml | J15: 4.2 | K15: 16
A16: Baytril 2.5% Oral Solution | B16: Enrofloxacin | C16: Oral | D16: 2.5 | E16: 3 | F16: 350 | G16: 1 | H16: 25 | I16: ml | J16: 4.7 | K16: 22
A17: Baytril 50 mg/ml | B17: Enrofloxacin | C17: Injectable | D17: 5 | E17: 5 | F17: =D17*$AC$2 -> 2125 | G17: 1 | H17: 50 | I17: ml | J17: 4.2 | K17: 16
A18: Baytril Max 100 mg/ml | B18: Enrofloxacin | C18: Injectable | D18: 7.5 | E18: 1 | F18: =D18*$AC$2 -> 3187.5 | G18: 1 | H18: 100 | I18: ml | J18: 4.2 | K18: 16
A19: Benestermycin | B19: Benzylpenicillin Penicilline | C19: Drytube | D19: 280 | E19: 1 | F19: =D19 -> 280 | G19: 0 | H19: 100 | I19: Tubes | M19: https://medikamio.com/de-at/medikamente/benestermycin-suspension-zur-intramammaren-anwendung-fur-rinder/pil
A20: Betamox 150mg/ml Suspension for Injection | B20: Amoxicillin | C20: Injectable | D20: 7 | E20: 5 | F20: =D20*$AC$2 -> 2975 | G20: 0 | H20: 150 | I20: ml | J20: 8.3 | K20: 29
A21: Betamox LA 150mg/ml Suspension for Injection | B21: Amoxicillin | C21: Injectable | D21: 15 | E21: 2 | F21: =D21*$AC$2 -> 6375 | G21: 0 | H21: 150 | I21: ml | J21: 8.3 | K21: 29
A22: Bimamix Oral Suspension | B22: Neomycin | C22: Oral | D22: 70 | E22: 10 | F22: 9800 | G22: 0 | H22: 175 | I22: ml | J22: 21 | K22: 85
A23: Bimotrim Co Injection | B23: Sulfadoxine | C23: Injectable | D23: 15 | E23: 5 | F23: =D23*$AC$2 -> 6375 | G23: 0 | H23: 240 | I23: ml | J23: 14 | K23: 51
A24: Bimoxyl LA 150 mg/ml | B24: Amoxicillin | C24: Injectable | D24: 15 | E24: 2 | F24: =D24*$AC$2 -> 6375 | G24: 0 | H24: 150 | I24: ml | J24: 8.3 | K24: 29
A25: Borgal 24% | B25: Sulfadoxin Trimethoprim | C25: Injectable | D25: 15 | E25: 1 | F25: =D25*$AC$2 -> 6375 | G25: 0 | H25: 200 | I25: ml | M25: https://www.vetpharm.uzh.ch/tak/03000000/00036732.01
A26: Bovaclox DC Intramammary Suspen | B26: Cloxacillin | C26: Drytube | D26: 750 | E26: 1 | F26: =D26 -> 750 | G26: 0 | H26: 750 | I26: Tubes | K26: 4
A27: Bovaclox DC Xtra Intramammary Suspension | B27: Cloxacillin | C27: Drytube | D27: 900 | E27: 1 | F27: =D27 -> 900 | G27: 0 | H27: 900 | I27: Tubes | K27: 4
A28: Bovigen Scour - No Antibiotic
A29: Bovigrip RSP Plus - No Antibiotic
A30: Bovocycline Pessary 2000 mg Intrauterine Tablet for Cattle | B30: Tetracycline Hydrochloride | C30: Pessary | D30: 2000 | E30: 3 | F30: =D30 -> 2000 | G30: 0 | H30: 2000 | I30: Units | J30: 28 | K30: 130
A31: Buscopan - No Antibiotic | M31: https://www.vetpharm.uzh.ch/tak/03000000/00035186.01
A32: Butox® Protect 7,5 mg/ml pour on - No Antibiotic
A33: Calcitat - No Antibiotic
A34: Calcium Plus - No Antibiotic
A35: Cefenil Powder and Solvent Solution for Injection | B35: Ceftiofur | C35: Injectable | D35: 1 | E35: 5 | F35: =D35*$AC$2 -> 425 | G35: 1 | H35: 50 | I35: ml | J35: 1 | K35: 4
A36: Cefenil RTU 50mg/ml Suspension for Injection | B36: Ceftiofur | C36: Injectable | D36: 1 | E36: 5 | F36: =D36*$AC$2 -> 425 | G36: 1 | H36: 50 | I36: ml | J36: 1 | K36: 4
A37: Ceffect 25 mg/ml | B37: Cefquinome | C37: Injectable | D37: 1 | E37: 5 | F37: =D37*$AC$2 -> 425 | G37: 1 | H37: 25 | I37: ml | J37: 1.5 | K37: 5.5
A38: Ceffect LC, 75mg, Intramammary Ointment for Lactating Cows | B38: Cefquinome | C38: Lactatingtube | D38: 75 | E38: 3 | F38: =D38 -> 75 | G38: 1 | H38: 75 | I38: Tubes | J38: 1 | K38: 3
A39: Cefimam DC | B39: Cefquinome | C39: Drytube | D39: 150 | E39: 1 | F39: =D39 -> 150 | G39: 1 | H39: 150 | I39: Tubes | K39: 4
A40: Cefimam LC, 75mg Intramammary Ointment for Lactating Cows | B40: Cefquinome | C40: Lactatingtube | D40: 75 | E40: 3 | F40: =D40 -> 75 | G40: 1 | H40: 75 | I40: Tubes | J40: 1 | K40: 3
A41: Cefokel 50 mg/ml, Suspension for Injection for Pigs and Cattle | B41: Ceftiofur | C41: Injectable | D41: 1 | E41: 5 | F41: =D41*$AC$2 -> 425 | G41: 1 | H41: 50 | I41: ml | J41: 1 | K41: 4
A42: Cefshot DC 250mg Intramammary Suspension for Cattle | B42: Cephalonium | C42: Drytube | D42: 250 | E42: 1 | F42: 250 | G42: 0 | H42: 250 | I42: Tubes | K42: 4
A43: Ceftiocyl 50mg/ml suspension for injection for cattle and pigs | B43: Ceftiofur | C43: Injectable | D43: 1 | E43: 5 | F43: =D43*$AC$2 -> 425 | G43: 1 | H43: 50 | I43: ml | J43: 1 | K43: 4
A44: Cemay 50 mg/ml | B44: Ceftiofur | C44: Injectable | D44: 1 | E44: 5 | F44: =D44*$AC$2 -> 425 | G44: 1 | H44: 50 | I44: ml | J44: 1 | K44: 4
A45: Cephaguard DC 150 mg intramammary ointment | B45: Cefquinome | C45: Drytube | D45: 150 | E45: 1 | F45: =D45 -> 150 | G45: 1 | H45: 150 | I45: Tubes | K45: 4
A46: Ceporex 180 mg/ml Suspension for injection for cattle, cats and dogs | B46: Sodium Cefalexin | C46: Injectable | D46: 7 | E46: 5 | F46: =D46*$AC$2 -> 2975 | G46: 0 | H46: 180 | I46: ml | J46: 7 | K46: 32
A47: Cepravin Dry Cow 250 mg Intramammary suspension | B47: Cephalonium | C47: Drytube | D47: 250 | E47: 1 | F47: =D47 -> 250 | G47: 0 | H47: 250 | I47: Tubes | K47: 4
A48: Cevaxel RTU 50 mg/ml | B48: Ceftiofur | C48: Injectable | D48: 1 | E48: 5 | F48: =D48*$AC$2 -> 425 | G48: 1 | H48: 50 | I48: ml | J48: 1 | K48: 4
A49: Chloromed 150mg/g Oral Powder for Calves | B49: Chlortetracycline hydrochloride | C49: Oral | G49: 0 | H49: 150 | I49: grams | J49: 22 | K49: 138
A50: Clamoxyl Ready-to-Use 150 mg/ml suspension for injection | B50: Amoxicillin Trihydrate | C50: Injectable | D50: 7 | E50: 5 | F50: =D50*$AC$2 -> 2975 | G50: 0 | H50: 150 | I50: ml | J50: 8.3 | K50: 29
A51: Clenovet - No Antibiotic
A52: Cobactan 2.5% Injection | B52: Cefquinome | C52: Injectable | D52: 1 | E52: 5 | F52: =D52*$AC$2 -> 425 | G52: 1 | H52: 25 | I52: ml | J52: 1.5 | K52: 5.5
A53: Cobactan 4.5 % Powder and solvent for solution for injection for horse and cattle | B53: Cefquinome | C53: Injectable | D53: 1 | E53: 5 | F53: =D53*$AC$2 -> 425 | G53: 1 | H53: 45 | I53: ml | J53: 1.5 | K53: 5.5
A54: Cobactan MC Intramammary suspension 75 mg Milking cow | B54: Cefquinome | C54: Lactatingtube | D54: 75 | E54: 3 | F54: =D54 -> 75 | G54: 1 | H54: 75 | I54: Tubes | J54: 1 | K54: 3
A55: Coliplus 2,000,000 IU/ml | B55: Colistin | C55: Oral | D55: 4.1665 | E55: 5 | F55: 583.31 | G55: 1 | H55: 98 | I55: ml | J55: 4.8 | K55: 24
A56: Combiclav Lactating Cow Intramammary Suspension | B56: Amoxicillin | C56: Lactatingtube | D56: 200 | E56: 3 | F56: =D56 -> 200 | G56: 0 | H56: 200 | I56: Tubes | J56: 1 | K56: 3
A57: Combiclav Suspension for Injection | B57: Amoxicillin | C57: Injectable | D57: 8.75 | E57: 5 | F57: =D57*$AC$2 -> 3718.75 | G57: 0 | H57: 140 | I57: ml | J57: 8.3 | K57: 29
A58: Curacef Duo suspension for injection for cattle | B58: Ceftiofur | C58: Injectable | D58: 1 | E58: 5 | F58: =D58*$AC$2 -> 425 | G58: 1 | H58: 50 | I58: ml | J58: 1 | K58: 4
A59: Cyclosol® LA 200 mg/ml Solution for Injection | B59: Oxytetracycline | C59: Injectable | D59: 20 | E59: 1 | F59: =D59*$AC$2 -> 8500 | G59: 0 | H59: 200 | I59: ml | J59: 6.5 | K59: 23
A60: Cydectin - No Antibiotic
A61: Depocillin 300 mg/ml Suspension for injection | B61: Procaine Benzylpenicillin | C61: Injectable | D61: 30 | E61: 5 | F61: =D61*$AC$2 -> 12750 | G61: 0 | H61: 183 | I61: ml | J61: 13 | K61: 46
A62: Devomycin 250mg/ml Solution for Injection | B62: Streptomycin Sulphate | C62: Injectable | D62: 10 | E62: 3 | F62: =D62*$AC$2 -> 4250 | G62: 0 | H62: 250 | I62: ml | J62: 28 | K62: 85
A63: Dexa ject - No Antibiotic | H63: 2 | I63: ml
A64: Dexamethason - No Antibiotic
A65: Dexatat - No Antibiotic
A66: Diatrim | B66: Sulfadiazin Trimethoprim | C66: Injectable | D66: 12.5 | E66: 2 | F66: =D66*$AC$2 -> 5312.5 | G66: 0 | H66: 200 | I66: ml | M66: https://medikamio.com/de-at/medikamente/diatrim-200-mgml-40-mgml-injektionslosung/pil
A67: Dinalgen 150 mg - No Antibiotic | M67: https://www.vetpharm.uzh.ch/tak/06000000/00063082.01
A68: Dinolytic - No Antibiotic
A69: Diuren - No Antibiotic
A70: Doxx-Sol 500mg/g powder for use in drinking water/milk replacer for pre-ruminant calves, pigs and chickens | B70: Doxycycline Hyclate | C70: Oral | D70: 10 | E70: 10 | F70: 1400 | G70: 0 | H70: 500 | I70: grams | J70: 10 | K70: 42
A71: Draxxin 100 mg/ml solution for injection for cattle & pigs | B71: Tulathromycin | C71: Injectable | D71: 2.5 | E71: 1 | F71: =D71*$AC$2 -> 1062.5 | G71: 0 | H71: 100 | I71: ml | J71: 0.3 | K71: 2.5
A72: Duofast Intramammary Suspension | B72: Trimethoprim | C72: Lactatingtube | D72: 240 | E72: 3 | F72: =D72 -> 240 | G72: 0 | H72: 240 | I72: Tubes | J72: 1 | K72: 3
A73: Duphamox 150 mg/ml Suspension for Injection | B73: Amoxicillin Trihydrate | C73: Injectable | D73: 7 | E73: 5 | F73: =D73*$AC$2 -> 2975 | G73: 0 | H73: 150 | I73: ml | J73: 8.3 | K73: 29
A74: Duphatrim IS Injectable Solution | B74: Sulfadiazine | C74: Injectable | D74: 15 | E74: 5 | F74: =D74*$AC$2 -> 6375 | G74: 0 | H74: 240 | I74: ml | J74: 13 | K74: 36
A75: Eficur | B75: Ceftiofur | C75: Injectable | D75: 1 | E75: 5 | F75: =D75*$AC$2 -> 425 | G75: 1 | H75: 50 | I75: ml | J75: 1 | K75: 4
A76: Elektrosel - No Antibiotic
A77: Engemycin 10 % (DD) Solution for injection | B77: Oxytetracycline Hydrochloride | C77: Injectable | D77: 10 | E77: 5 | F77: =D77*$AC$2 -> 4250 | G77: 0 | H77: 100 | I77: ml | J77: 6.5 | K77: 23
A78: Engemycin LA 200 mg/ml Solution for injection | B78: Oxytetracycline Dihydrate | C78: Injectable | D78: 20 | E78: 1 | F78: =D78*$AC$2 -> 8500 | G78: 0 | H78: 200 | I78: ml | J78: 6.5 | K78: 23
A79: Enroxil® 100 mg/ml Solution for Injection for Cattle and Pigs | B79: Enrofloxacin | C79: Injectable | D79: 5 | E79: 5 | F79: =D79*$AC$2 -> 2125 | G79: 1 | H79: 100 | I79: ml | J79: 4.2 | K79: 16
A80: Enzaprost - No Antibiotic
A81: Estrumate - No Antibiotic
A82: Excenel 50 mg/ml Sterile Powder for Solution for Injection | B82: Ceftiofur | C82: Injectable | D82: 1 | E82: 5 | F82: =D82*$AC$2 -> 425 | G82: 1 | H82: 50 | I82: ml | J82: 1 | K82: 4
A83: Excenel Flow 50 mg/ml Suspension for Injection for Pigs & Cattle | B83: Ceftiofur | C83: Injectable | D83: 1 | E83: 5 | F83: =D83*$AC$2 -> 425 | G83: 1 | H83: 50 | I83: ml | J83: 1 | K83: 4
A84: Fenflor® 300 mg/ml Solution for Injection for Cattle | B84: Florfenicol | C84: Injectable | D84: 40 | E84: 1 | F84: =D84*$AC$2 -> 17000 | G84: 0 | H84: 300 | I84: ml | J84: 13 | K84: 40
A85: Fenoflox 100mg/ml Solution for Injection for Cattle and Pigs | B85: Enrofloxacin | C85: Injectable | D85: 5 | E85: 5 | F85: =D85*$AC$2 -> 2125 | G85: 1 | H85: 100 | I85: ml | J85: 4.2 | K85: 16
A86: Fenoflox 50mg/ml Solution for Injection for Cattle, Pigs, Dogs and Cats | B86: Enrofloxacin | C86: Injectable | D86: 5 | E86: 5 | F86: =D86*$AC$2 -> 2125 | G86: 1 | H86: 50 | I86: ml | J86: 4.2 | K86: 16
A87: Fertigest 0,004 mg/ml - No Antibiotic
A88: Florkem 300 mg/ml | B88: Florfenicol | C88: Injectable | D88: 20 | E88: 2 | F88: =D88*$AC$2 -> 8500 | G88: 0 | H88: 300 | I88: ml | J88: 13 | K88: 40
A89: Flunixine® NEO Biokema | B89: Flunixin | C89: Injectable | D89: 1.1 | E89: 3 | F89: =D89*$AC$2 -> 467.5 | G89: 0 | H89: 50 | I89: ml | M89: https://www.vetpharm.uzh.ch/tak/05000000/00056110.01
A90: Fluomizin 10 mg Vaginaltabletten - No Antibiotic
A91: Forcyl 160 ml/ml Solution for Injection for Cattle | B91: Marbofloxacin | C91: Injectable | D91: 10 | E91: 1 | F91: =D91*$AC$2 -> 4250 | G91: 1 | H91: 160 | I91: ml | J91: 3.6 | K91: 8.9
A92: Framomycin 150 mg/ml Solution for Injection | B92: Framycetin Sulfate | C92: Injectable | D92: 5 | E92: 3 | F92: =D92*$AC$2 -> 2125 | G92: 0 | H92: 150 | I92: ml | J92: 5 | K92: 10
A93: Gabbrovet - No Antibiotic | M93: https://medikamio.com/de-at/medikamente/gabbrovet-140-mgml-losung-zum-eingeben-uber-trinkwasser-milch-oder-milchaustauscher-fur-saugkalber-und-schweine/pil
A94: Gelstamp Multidosis | B94: Ampicillin Cloxacillin | C94: Lactatingtube | D94: 66.7 | E94: 3 | F94: =D94 -> 66.7 | G94: 0 | H94: =F94 -> 66.7 | I94: ml | J94: 1 | K94: 3 | M94: https://imedikament.de/gelstamp-multidosis
A95: Genabil - No Antibiotic
A96: Glucose Lösung 40% - No Antibiotic
A97: Hexasol LA Solution for Injection for Cattle | B97: Oxytetracycline | C97: Injectable | D97: 30 | E97: 1 | F97: =D97*$AC$2 -> 12750 | G97: 0 | H97: 300 | I97: ml | J97: 6.5 | K97: 23
A98: Ingel-Mamycin-forte | B98: Penethamate hydriodide | C98: Injectable | D98: 10 | E98: 5 | F98: =D98*AC2 -> 4250 | G98: 0 | H98: 269.5 | I98: ml
A99: Intradine | B99: Sulphadimidine | C99: Injectable | D99: 200 | E99: 3 | F99: =D99*$AC$2 -> 85000 | G99: 0 | H99: 308.9 | I99: ml | J99: 16 | K99: 65
A100: Invert 40% - No Antibiotic
...

Sheet Listy wyboru
A1: Kategoria bydła
A2: Krowa
A3: Jałówka
A4: Cielę
A5: Byk
